Workbook

Sheet Hot Hand Rankings
B1: Andre | C1: Coach | D1: Junior | E1: Masta Pu$$y | F1: Moe | G1: Mrs. Clay Matthews | H1: Princess Peach | I1: Screech | J1: Siri | K1: The Bieb | L1: Waxcuses
A2: Attendance | B2: =COUNTIF('Raw Data'!H142:H153,"Yes") -> 6 | C2: =COUNTIF('Raw Data'!I142:I153,"Yes") -> 10 | D2: =COUNTIF('Raw Data'!J142:J153,"Yes") -> 11 | E2: =COUNTIF('Raw Data'!K142:K153,"Yes") -> 6 | F2: =COUNTIF('Raw Data'!L142:L153,"Yes") -> 12 | G2: =COUNTIF('Raw Data'!M142:M153,"Yes") -> 11 | H2: =COUNTIF('Raw Data'!N142:N153,"Yes") -> 0 | I2: =COUNTIF('Raw Data'!O142:O153,"Yes") -> 12 | ... L2: =COUNTIF('Raw Data'!R142:R153,"Yes") -> 7
A3: Bracelets | B3: =(COUNTIF('Raw Data'!$F142:$F153,B1))*2 -> 0 | C3: =(COUNTIF('Raw Data'!$F142:$F153,C1))*2 -> 4 | D3: =(COUNTIF('Raw Data'!$F142:$F153,D1))*2 -> 4 | E3: =(COUNTIF('Raw Data'!$F142:$F153,E1))*2 -> 2 | F3: =(COUNTIF('Raw Data'!$F142:$F153,F1))*2 -> 2 | G3: =(COUNTIF('Raw Data'!$F142:$F153,G1))*2 -> 0 | H3: =(COUNTIF('Raw Data'!$F142:$F153,H1))*2 -> 0 | I3: =(COUNTIF('Raw Data'!$F142:$F153,I1))*2 -> 10 | ... L3: =(COUNTIF('Raw Data'!$F142:$F153,L1))*2 -> 0
A4: Majors | B4: =(COUNTIFS('Raw Data'!$D142:$D153,"Yes",'Raw Data'!$F142:$F153,B1))*4 -> 0 | C4: =COUNTIFS('Raw Data'!$D142:$D153,"Yes",'Raw Data'!$F142:$F153,C1) -> 0 | D4: =COUNTIFS('Raw Data'!$D142:$D153,"Yes",'Raw Data'!$F142:$F153,D1) -> 0 | E4: =COUNTIFS('Raw Data'!$D142:$D153,"Yes",'Raw Data'!$F142:$F153,E1) -> 0 | F4: =COUNTIFS('Raw Data'!$D142:$D153,"Yes",'Raw Data'!$F142:$F153,F1) -> 0 | G4: =COUNTIFS('Raw Data'!$D142:$D153,"Yes",'Raw Data'!$F142:$F153,G1) -> 0 | H4: =COUNTIFS('Raw Data'!$D142:$D153,"Yes",'Raw Data'!$F142:$F153,H1) -> 0 | I4: =COUNTIFS('Raw Data'!$D142:$D153,"Yes",'Raw Data'!$F142:$F153,I1) -> 0 | J4: =COUNTIFS('Raw Data'!$D142:$D153,"Yes",'Raw Data'!$F142:$F153,J1) -> 0 | ... L4: =COUNTIFS('Raw Data'!$D142:$D153,"Yes",'Raw Data'!$F142:$F153,L1) -> 0
A5: Exceeds Exp. | B5: 0 | C5: 0 | D5: 0 | E5: 0 | F5: 0 | G5: 0 | H5: 0 | I5: 0 | J5: 0 | K5: 0 | L5: 0
A6: Total | B6: =sum(B2:B5) -> 6 | C6: =sum(C2:C5) -> 14 | D6: =sum(D2:D5) -> 15 | E6: =sum(E2:E5) -> 8 | F6: =sum(F2:F5) -> 14 | G6: =sum(G2:G5) -> 11 | H6: =sum(H2:H5) -> 0 | I6: =sum(I2:I5) -> 22 | ... L6: =sum(L2:L5) -> 7
A8: Ranking | B8: Player | C8: HH Points
A9: 1 | B9: Screech | C9: =$I$6 -> 22
A10: 2 | B10: Junior | C10: =$D$6 -> 15
A11: 3 | B11: Coach | C11: =$C$6 -> 14
A12: 4 | B12: Moe | C12: =$F$6 -> 14
A13: 5 | B13: Siri | C13: =$J$6 -> 12
A14: 6 | B14: Mrs. Clay Matthews | C14: =$G$6 -> 11
A15: 7 | B15: Masta Pu$$y | C15: =$E$6 -> 8
A16: 8 | B16: The Bieb | C16: =$K$6 -> 7
A17: 9 | B17: Waxcuses | C17: =$L$6 -> 7
A18: 10 | B18: Andre | C18: =$B$6 -> 6
A19: Princess Peach | B19: =$H$6 -> 0

Sheet Raw Data
A1: Event # | B1: Date | C1: Season | E1: Host | F1: Winner | G1: Attendance | H1: Andre | I1: Coach | J1: Junior | K1: Masta Pu$$y | L1: Moe | M1: Mrs. Clay Matthews | N1: Princess Peach | O1: Screech | P1: Siri | Q1: The Bieb | R1: Waxcuses | S1: Flo Rida | T1: No Limit | V1: Andre | W1: Coach | X1: Junior | Y1: Masta Pu$$y | Z1: Moe | AA1: Mrs. Clay Matthews | AB1: Princess Peach | AC1: Screech | AD1: Siri | AE1: The Bieb | AF1: Waxcuses | AG1: Flo Rida | AH1: No Limit
A2: 1 | B2: 39394 | C2: 2007-2009 | D2: No | E2: Coach | F2: Coach | G2: =countif(H2:R2,"Yes") -> 6 | H2: Yes | I2: Yes | K2: Yes | L2: Yes | N2: No | P2: Yes | R2: Yes | V2: =COUNTIF($F$2:$F2,V$1) -> 0 | W2: =COUNTIF($F$2:$F2,W$1) -> 1 | X2: =COUNTIF($F$2:$F2,X$1) -> 0 | Y2: =COUNTIF($F$2:$F2,Y$1) -> 0 | Z2: =COUNTIF($F$2:$F2,Z$1) -> 0 | AA2: =COUNTIF($F$2:$F2,AA$1) -> 0 | AB2: =COUNTIF($F$2:$F2,AB$1) -> 0 | AC2: =COUNTIF($F$2:$F2,AC$1) -> 0 | ... AH2: =COUNTIF($F$2:$F2,AH$1) -> 0
A3: 2 | B3: 39626 | C3: 2007-2009 | D3: No | E3: Coach | F3: Waxcuses | G3: =countif(H3:R3,"Yes") -> 7 | H3: Yes | I3: Yes | K3: Yes | L3: Yes | N3: Yes | P3: Yes | R3: Yes | V3: =COUNTIF($F$2:$F3,V$1) -> 0 | W3: =COUNTIF($F$2:$F3,W$1) -> 1 | X3: =COUNTIF($F$2:$F3,X$1) -> 0 | Y3: =COUNTIF($F$2:$F3,Y$1) -> 0 | Z3: =COUNTIF($F$2:$F3,Z$1) -> 0 | AA3: =COUNTIF($F$2:$F3,AA$1) -> 0 | AB3: =COUNTIF($F$2:$F3,AB$1) -> 0 | AC3: =COUNTIF($F$2:$F3,AC$1) -> 0 | ... AH3: =COUNTIF($F$2:$F3,AH$1) -> 0
A4: 3 | B4: 39786 | C4: 2007-2009 | D4: No | E4: Siri | F4: Moe | G4: =countif(H4:R4,"Yes") -> 7 | H4: Yes | I4: Yes | K4: Yes | L4: Yes | N4: Yes | P4: Yes | R4: Yes | V4: =COUNTIF($F$2:$F4,V$1) -> 0 | W4: =COUNTIF($F$2:$F4,W$1) -> 1 | X4: =COUNTIF($F$2:$F4,X$1) -> 0 | Y4: =COUNTIF($F$2:$F4,Y$1) -> 0 | Z4: =COUNTIF($F$2:$F4,Z$1) -> 1 | AA4: =COUNTIF($F$2:$F4,AA$1) -> 0 | AB4: =COUNTIF($F$2:$F4,AB$1) -> 0 | AC4: =COUNTIF($F$2:$F4,AC$1) -> 0 | ... AH4: =COUNTIF($F$2:$F4,AH$1) -> 0
A5: 4 | B5: 39815 | C5: 2007-2009 | D5: No | E5: Moe | F5: Coach | G5: =countif(H5:R5,"Yes") -> 7 | H5: Yes | I5: Yes | K5: Yes | L5: Yes | N5: Yes | P5: Yes | R5: Yes | V5: =COUNTIF($F$2:$F5,V$1) -> 0 | W5: =COUNTIF($F$2:$F5,W$1) -> 2 | X5: =COUNTIF($F$2:$F5,X$1) -> 0 | Y5: =COUNTIF($F$2:$F5,Y$1) -> 0 | Z5: =COUNTIF($F$2:$F5,Z$1) -> 1 | AA5: =COUNTIF($F$2:$F5,AA$1) -> 0 | AB5: =COUNTIF($F$2:$F5,AB$1) -> 0 | AC5: =COUNTIF($F$2:$F5,AC$1) -> 0 | ... AH5: =COUNTIF($F$2:$F5,AH$1) -> 0
A6: 5 | B6: 39856 | C6: 2007-2009 | D6: No | E6: Andre | F6: Siri | G6: =countif(H6:R6,"Yes") -> 7 | H6: Yes | I6: Yes | K6: Yes | L6: Yes | N6: Yes | P6: Yes | R6: Yes | V6: =COUNTIF($F$2:$F6,V$1) -> 0 | W6: =COUNTIF($F$2:$F6,W$1) -> 2 | X6: =COUNTIF($F$2:$F6,X$1) -> 0 | Y6: =COUNTIF($F$2:$F6,Y$1) -> 0 | Z6: =COUNTIF($F$2:$F6,Z$1) -> 1 | AA6: =COUNTIF($F$2:$F6,AA$1) -> 0 | AB6: =COUNTIF($F$2:$F6,AB$1) -> 0 | AC6: =COUNTIF($F$2:$F6,AC$1) -> 0 | ... AH6: =COUNTIF($F$2:$F6,AH$1) -> 0
A7: 6 | B7: 39884 | C7: 2007-2009 | D7: No | E7: Princess Peach | F7: Siri | G7: =countif(H7:R7,"Yes") -> 7 | H7: Yes | I7: Yes | K7: Yes | L7: Yes | N7: Yes | P7: Yes | R7: Yes | V7: =COUNTIF($F$2:$F7,V$1) -> 0 | W7: =COUNTIF($F$2:$F7,W$1) -> 2 | X7: =COUNTIF($F$2:$F7,X$1) -> 0 | Y7: =COUNTIF($F$2:$F7,Y$1) -> 0 | Z7: =COUNTIF($F$2:$F7,Z$1) -> 1 | AA7: =COUNTIF($F$2:$F7,AA$1) -> 0 | AB7: =COUNTIF($F$2:$F7,AB$1) -> 0 | AC7: =COUNTIF($F$2:$F7,AC$1) -> 0 | ... AH7: =COUNTIF($F$2:$F7,AH$1) -> 0
A8: 7 | B8: 39915 | C8: 2007-2009 | D8: Yes | E8: AC Baby | F8: Siri | G8: =countif(H8:R8,"Yes") -> 6 | H8: Yes | I8: No | K8: Yes | L8: Yes | N8: Yes | P8: Yes | R8: Yes | V8: =COUNTIF($F$2:$F8,V$1) -> 0 | W8: =COUNTIF($F$2:$F8,W$1) -> 2 | X8: =COUNTIF($F$2:$F8,X$1) -> 0 | Y8: =COUNTIF($F$2:$F8,Y$1) -> 0 | Z8: =COUNTIF($F$2:$F8,Z$1) -> 1 | AA8: =COUNTIF($F$2:$F8,AA$1) -> 0 | AB8: =COUNTIF($F$2:$F8,AB$1) -> 0 | AC8: =COUNTIF($F$2:$F8,AC$1) -> 0 | ... AH8: =COUNTIF($F$2:$F8,AH$1) -> 0
A9: 8 | B9: 39940 | C9: 2007-2009 | D9: No | E9: Moe | F9: Princess Peach | G9: =countif(H9:R9,"Yes") -> 7 | H9: Yes | I9: Yes | K9: Yes | L9: Yes | N9: Yes | P9: Yes | R9: Yes | V9: =COUNTIF($F$2:$F9,V$1) -> 0 | W9: =COUNTIF($F$2:$F9,W$1) -> 2 | X9: =COUNTIF($F$2:$F9,X$1) -> 0 | Y9: =COUNTIF($F$2:$F9,Y$1) -> 0 | Z9: =COUNTIF($F$2:$F9,Z$1) -> 1 | AA9: =COUNTIF($F$2:$F9,AA$1) -> 0 | AB9: =COUNTIF($F$2:$F9,AB$1) -> 1 | AC9: =COUNTIF($F$2:$F9,AC$1) -> 0 | ... AH9: =COUNTIF($F$2:$F9,AH$1) -> 0
A10: 9 | B10: 40056 | C10: 2009-2010 | D10: No | E10: Waxcuses | F10: Waxcuses | G10: =countif(H10:R10,"Yes") -> 7 | H10: Yes | I10: Yes | K10: Yes | L10: Yes | N10: Yes | P10: Yes | R10: Yes | V10: =COUNTIF($F$2:$F10,V$1) -> 0 | W10: =COUNTIF($F$2:$F10,W$1) -> 2 | X10: =COUNTIF($F$2:$F10,X$1) -> 0 | Y10: =COUNTIF($F$2:$F10,Y$1) -> 0 | Z10: =COUNTIF($F$2:$F10,Z$1) -> 1 | AA10: =COUNTIF($F$2:$F10,AA$1) -> 0 | AB10: =COUNTIF($F$2:$F10,AB$1) -> 1 | AC10: =COUNTIF($F$2:$F10,AC$1) -> 0 | ... AH10: =COUNTIF($F$2:$F10,AH$1) -> 0
A11: 10 | B11: 40080 | C11: 2009-2010 | D11: No | E11: Siri | F11: Moe | G11: =countif(H11:R11,"Yes") -> 7 | H11: Yes | I11: Yes | K11: Yes | L11: Yes | N11: Yes | P11: Yes | R11: Yes | V11: =COUNTIF($F$2:$F11,V$1) -> 0 | W11: =COUNTIF($F$2:$F11,W$1) -> 2 | X11: =COUNTIF($F$2:$F11,X$1) -> 0 | Y11: =COUNTIF($F$2:$F11,Y$1) -> 0 | Z11: =COUNTIF($F$2:$F11,Z$1) -> 2 | AA11: =COUNTIF($F$2:$F11,AA$1) -> 0 | AB11: =COUNTIF($F$2:$F11,AB$1) -> 1 | AC11: =COUNTIF($F$2:$F11,AC$1) -> 0 | ... AH11: =COUNTIF($F$2:$F11,AH$1) -> 0
A12: 11 | B12: 40101 | C12: 2009-2010 | D12: No | E12: Andre | F12: Coach | G12: =countif(H12:R12,"Yes") -> 7 | H12: Yes | I12: Yes | K12: Yes | L12: Yes | N12: Yes | P12: Yes | R12: Yes | V12: =COUNTIF($F$2:$F12,V$1) -> 0 | W12: =COUNTIF($F$2:$F12,W$1) -> 3 | X12: =COUNTIF($F$2:$F12,X$1) -> 0 | Y12: =COUNTIF($F$2:$F12,Y$1) -> 0 | Z12: =COUNTIF($F$2:$F12,Z$1) -> 2 | AA12: =COUNTIF($F$2:$F12,AA$1) -> 0 | AB12: =COUNTIF($F$2:$F12,AB$1) -> 1 | AC12: =COUNTIF($F$2:$F12,AC$1) -> 0 | ... AH12: =COUNTIF($F$2:$F12,AH$1) -> 0
A13: 12 | B13: 40150 | C13: 2009-2010 | D13: No | E13: Princess Peach | F13: Princess Peach | G13: =countif(H13:R13,"Yes") -> 7 | H13: Yes | I13: Yes | K13: Yes | L13: Yes | N13: Yes | P13: Yes | R13: Yes | V13: =COUNTIF($F$2:$F13,V$1) -> 0 | W13: =COUNTIF($F$2:$F13,W$1) -> 3 | X13: =COUNTIF($F$2:$F13,X$1) -> 0 | Y13: =COUNTIF($F$2:$F13,Y$1) -> 0 | Z13: =COUNTIF($F$2:$F13,Z$1) -> 2 | AA13: =COUNTIF($F$2:$F13,AA$1) -> 0 | AB13: =COUNTIF($F$2:$F13,AB$1) -> 2 | AC13: =COUNTIF($F$2:$F13,AC$1) -> 0 | ... AH13: =COUNTIF($F$2:$F13,AH$1) -> 0
... A21: 20 | B21: 40444 | C21: 2010-2011 | D21: No | E21: Princess Peach | F21: Siri | G21: =countif(H21:R21,"Yes") -> 6 | H21: Yes | I21: Yes | K21: No | L21: Yes | N21: Yes | P21: Yes | R21: Yes | V21: =COUNTIF($F$2:$F21,V$1) -> 0 | W21: =COUNTIF($F$2:$F21,W$1) -> 4 | X21: =COUNTIF($F$2:$F21,X$1) -> 0 | Y21: =COUNTIF($F$2:$F21,Y$1) -> 2 | Z21: =COUNTIF($F$2:$F21,Z$1) -> 3 | AA21: =COUNTIF($F$2:$F21,AA$1) -> 0 | AB21: =COUNTIF($F$2:$F21,AB$1) -> 3 | AC21: =COUNTIF($F$2:$F21,AC$1) -> 0 | ... AH21: =COUNTIF($F$2:$F21,AH$1) -> 0
A22: 21 | B22: 40479 | C22: 2010-2011 | D22: No | E22: Siri | F22: Screech | G22: =countif(H22:R22,"Yes") -> 6 | H22: Yes | I22: Yes | K22: No | L22: Yes | N22: No | O22: Yes | P22: Yes | R22: Yes | V22: =COUNTIF($F$2:$F22,V$1) -> 0 | W22: =COUNTIF($F$2:$F22,W$1) -> 4 | X22: =COUNTIF($F$2:$F22,X$1) -> 0 | Y22: =COUNTIF($F$2:$F22,Y$1) -> 2 | Z22: =COUNTIF($F$2:$F22,Z$1) -> 3 | AA22: =COUNTIF($F$2:$F22,AA$1) -> 0 | AB22: =COUNTIF($F$2:$F22,AB$1) -> 3 | AC22: =COUNTIF($F$2:$F22,AC$1) -> 1 | ... AH22: =COUNTIF($F$2:$F22,AH$1) -> 0
A23: 22 | B23: 40515 | C23: 2010-2011 | D23: No | E23: Moe | F23: Princess Peach | G23: =countif(H23:R23,"Yes") -> 5 | H23: No | I23: Yes | K23: No | L23: Yes | N23: Yes | O23: Yes | P23: Yes | R23: No | V23: =COUNTIF($F$2:$F23,V$1) -> 0 | W23: =COUNTIF($F$2:$F23,W$1) -> 4 | X23: =COUNTIF($F$2:$F23,X$1) -> 0 | Y23: =COUNTIF($F$2:$F23,Y$1) -> 2 | Z23: =COUNTIF($F$2:$F23,Z$1) -> 3 | AA23: =COUNTIF($F$2:$F23,AA$1) -> 0 | AB23: =COUNTIF($F$2:$F23,AB$1) -> 4 | AC23: =COUNTIF($F$2:$F23,AC$1) -> 1 | ... AH23: =COUNTIF($F$2:$F23,AH$1) -> 0
A24: 23 | B24: 40541 | C24: 2010-2011 | D24: No | E24: Coach | F24: Siri | G24: =countif(H24:R24,"Yes") -> 7 | H24: Yes | I24: Yes | K24: No | L24: Yes | N24: Yes | O24: Yes | P24: Yes | R24: Yes | V24: =COUNTIF($F$2:$F24,V$1) -> 0 | W24: =COUNTIF($F$2:$F24,W$1) -> 4 | X24: =COUNTIF($F$2:$F24,X$1) -> 0 | Y24: =COUNTIF($F$2:$F24,Y$1) -> 2 | Z24: =COUNTIF($F$2:$F24,Z$1) -> 3 | AA24: =COUNTIF($F$2:$F24,AA$1) -> 0 | AB24: =COUNTIF($F$2:$F24,AB$1) -> 4 | AC24: =COUNTIF($F$2:$F24,AC$1) -> 1 | ... AH24: =COUNTIF($F$2:$F24,AH$1) -> 0
A25: 24 | B25: 40570 | C25: 2010-2011 | D25: No | E25: Waxcuses | F25: Coach | G25: =countif(H25:R25,"Yes") -> 6 | H25: Yes | I25: Yes | K25: No | L25: Yes | N25: Yes | O25: No | P25: Yes | R25: Yes | V25: =COUNTIF($F$2:$F25,V$1) -> 0 | W25: =COUNTIF($F$2:$F25,W$1) -> 5 | X25: =COUNTIF($F$2:$F25,X$1) -> 0 | Y25: =COUNTIF($F$2:$F25,Y$1) -> 2 | Z25: =COUNTIF($F$2:$F25,Z$1) -> 3 | AA25: =COUNTIF($F$2:$F25,AA$1) -> 0 | AB25: =COUNTIF($F$2:$F25,AB$1) -> 4 | AC25: =COUNTIF($F$2:$F25,AC$1) -> 1 | ... AH25: =COUNTIF($F$2:$F25,AH$1) -> 0
A26: 25 | B26: 40605 | C26: 2010-2011 | D26: No | E26: Siri | F26: Masta Pu$$y | G26: =countif(H26:R26,"Yes") -> 8 | H26: Yes | I26: Yes | K26: Yes | L26: Yes | N26: Yes | O26: Yes | P26: Yes | R26: Yes | V26: =COUNTIF($F$2:$F26,V$1) -> 0 | W26: =COUNTIF($F$2:$F26,W$1) -> 5 | X26: =COUNTIF($F$2:$F26,X$1) -> 0 | Y26: =COUNTIF($F$2:$F26,Y$1) -> 3 | Z26: =COUNTIF($F$2:$F26,Z$1) -> 3 | AA26: =COUNTIF($F$2:$F26,AA$1) -> 0 | AB26: =COUNTIF($F$2:$F26,AB$1) -> 4 | AC26: =COUNTIF($F$2:$F26,AC$1) -> 1 | ... AH26: =COUNTIF($F$2:$F26,AH$1) -> 0
A27: 26 | B27: 40621 | C27: 2010-2011 | D27: Yes | E27: ESSOP | F27: Siri | G27: =countif(H27:R27,"Yes") -> 6 | H27: Yes | I27: Yes | K27: Yes | L27: Yes | N27: No | O27: Yes | P27: Yes | R27: No | V27: =COUNTIF($F$2:$F27,V$1) -> 0 | W27: =COUNTIF($F$2:$F27,W$1) -> 5 | X27: =COUNTIF($F$2:$F27,X$1) -> 0 | Y27: =COUNTIF($F$2:$F27,Y$1) -> 3 | Z27: =COUNTIF($F$2:$F27,Z$1) -> 3 | AA27: =COUNTIF($F$2:$F27,AA$1) -> 0 | AB27: =COUNTIF($F$2:$F27,AB$1) -> 4 | AC27: =COUNTIF($F$2:$F27,AC$1) -> 1 | ... AH27: =COUNTIF($F$2:$F27,AH$1) -> 0
A28: 27 | B28: 40654 | C28: 2010-2011 | D28: Yes | E28: AC Baby | F28: Screech | G28: =countif(H28:R28,"Yes") -> 6 | H28: No | I28: No | K28: Yes | L28: Yes | N28: Yes | O28: Yes | P28: Yes | R28: Yes | V28: =COUNTIF($F$2:$F28,V$1) -> 0 | W28: =COUNTIF($F$2:$F28,W$1) -> 5 | X28: =COUNTIF($F$2:$F28,X$1) -> 0 | Y28: =COUNTIF($F$2:$F28,Y$1) -> 3 | Z28: =COUNTIF($F$2:$F28,Z$1) -> 3 | AA28: =COUNTIF($F$2:$F28,AA$1) -> 0 | AB28: =COUNTIF($F$2:$F28,AB$1) -> 4 | AC28: =COUNTIF($F$2:$F28,AC$1) -> 2 | ... AH28: =COUNTIF($F$2:$F28,AH$1) -> 0
A29: 28 | B29: 40671 | C29: 2010-2011 | D29: Yes | E29: Vegas Baby | F29: Masta Pu$$y | G29: =countif(H29:R29,"Yes") -> 4 | H29: No | I29: No | K29: Yes | L29: No | N29: Yes | O29: No | P29: Yes | R29: Yes | V29: =COUNTIF($F$2:$F29,V$1) -> 0 | W29: =COUNTIF($F$2:$F29,W$1) -> 5 | X29: =COUNTIF($F$2:$F29,X$1) -> 0 | Y29: =COUNTIF($F$2:$F29,Y$1) -> 4 | Z29: =COUNTIF($F$2:$F29,Z$1) -> 3 | AA29: =COUNTIF($F$2:$F29,AA$1) -> 0 | AB29: =COUNTIF($F$2:$F29,AB$1) -> 4 | AC29: =COUNTIF($F$2:$F29,AC$1) -> 2 | ... AH29: =COUNTIF($F$2:$F29,AH$1) -> 0
A30: 29 | B30: 40695 | C30: 2010-2011 | D30: No | E30: Princess Peach | F30: Coach | G30: =countif(H30:R30,"Yes") -> 5 | H30: No | I30: Yes | K30: No | L30: Yes | N30: Yes | O30: No | P30: Yes | R30: Yes | V30: =COUNTIF($F$2:$F30,V$1) -> 0 | W30: =COUNTIF($F$2:$F30,W$1) -> 6 | X30: =COUNTIF($F$2:$F30,X$1) -> 0 | Y30: =COUNTIF($F$2:$F30,Y$1) -> 4 | Z30: =COUNTIF($F$2:$F30,Z$1) -> 3 | AA30: =COUNTIF($F$2:$F30,AA$1) -> 0 | AB30: =COUNTIF($F$2:$F30,AB$1) -> 4 | AC30: =COUNTIF($F$2:$F30,AC$1) -> 2 | ... AH30: =COUNTIF($F$2:$F30,AH$1) -> 0
A31: 30 | B31: 40759 | C31: 2011-2012 | D31: No | E31: Andre | F31: Moe | G31: =countif(H31:R31,"Yes") -> 7 | H31: Yes | I31: Yes | K31: No | L31: Yes | N31: Yes | O31: Yes | P31: Yes | R31: Yes | V31: =COUNTIF($F$2:$F31,V$1) -> 0 | W31: =COUNTIF($F$2:$F31,W$1) -> 6 | X31: =COUNTIF($F$2:$F31,X$1) -> 0 | Y31: =COUNTIF($F$2:$F31,Y$1) -> 4 | Z31: =COUNTIF($F$2:$F31,Z$1) -> 4 | AA31: =COUNTIF($F$2:$F31,AA$1) -> 0 | AB31: =COUNTIF($F$2:$F31,AB$1) -> 4 | AC31: =COUNTIF($F$2:$F31,AC$1) -> 2 | ... AH31: =COUNTIF($F$2:$F31,AH$1) -> 0
A32: 31 | B32: 40800 | C32: 2011-2012 | D32: No | E32: Moe | F32: Waxcuses | G32: =countif(H32:R32,"Yes") -> 7 | H32: Yes | I32: Yes | K32: Yes | L32: Yes | N32: No | O32: Yes | P32: Yes | R32: Yes | V32: =COUNTIF($F$2:$F32,V$1) -> 0 | W32: =COUNTIF($F$2:$F32,W$1) -> 6 | X32: =COUNTIF($F$2:$F32,X$1) -> 0 | Y32: =COUNTIF($F$2:$F32,Y$1) -> 4 | Z32: =COUNTIF($F$2:$F32,Z$1) -> 4 | AA32: =COUNTIF($F$2:$F32,AA$1) -> 0 | AB32: =COUNTIF($F$2:$F32,AB$1) -> 4 | AC32: =COUNTIF($F$2:$F32,AC$1) -> 2 | ... AH32: =COUNTIF($F$2:$F32,AH$1) -> 0
A33: 32 | B33: 40815 | C33: 2011-2012 | D33: No | E33: Andre | F33: Screech | G33: =countif(H33:R33,"Yes") -> 6 | H33: Yes | I33: Yes | K33: Yes | L33: No | N33: Yes | O33: Yes | P33: Yes | R33: No | V33: =COUNTIF($F$2:$F33,V$1) -> 0 | W33: =COUNTIF($F$2:$F33,W$1) -> 6 | X33: =COUNTIF($F$2:$F33,X$1) -> 0 | Y33: =COUNTIF($F$2:$F33,Y$1) -> 4 | Z33: =COUNTIF($F$2:$F33,Z$1) -> 4 | AA33: =COUNTIF($F$2:$F33,AA$1) -> 0 | AB33: =COUNTIF($F$2:$F33,AB$1) -> 4 | AC33: =COUNTIF($F$2:$F33,AC$1) -> 3 | ... AH33: =COUNTIF($F$2:$F33,AH$1) -> 0
... A49: 48 | B49: 41327 | C49: 2012-2013 | D49: No | E49: Moe | F49: Masta Pu$$y | G49: =countif(H49:R49,"Yes") -> 7 | H49: Yes | I49: Yes | K49: Yes | L49: Yes | N49: No | O49: Yes | P49: Yes | R49: Yes | V49: =COUNTIF($F$2:$F49,V$1) -> 0 | W49: =COUNTIF($F$2:$F49,W$1) -> 7 | X49: =COUNTIF($F$2:$F49,X$1) -> 0 | Y49: =COUNTIF($F$2:$F49,Y$1) -> 5 | Z49: =COUNTIF($F$2:$F49,Z$1) -> 7 | AA49: =COUNTIF($F$2:$F49,AA$1) -> 0 | AB49: =COUNTIF($F$2:$F49,AB$1) -> 6 | AC49: =COUNTIF($F$2:$F49,AC$1) -> 6 | ... AH49: =COUNTIF($F$2:$F49,AH$1) -> 0
A50: 49 | B50: 41342 | C50: 2012-2013 | D50: Yes | E50: ESSOP | F50: Siri | G50: =countif(H50:R50,"Yes") -> 6 | H50: No | I50: Yes | K50: Yes | L50: Yes | M50: Yes | N50: No | O50: Yes | P50: Yes | R50: No | V50: =COUNTIF($F$2:$F50,V$1) -> 0 | W50: =COUNTIF($F$2:$F50,W$1) -> 7 | X50: =COUNTIF($F$2:$F50,X$1) -> 0 | Y50: =COUNTIF($F$2:$F50,Y$1) -> 5 | Z50: =COUNTIF($F$2:$F50,Z$1) -> 7 | AA50: =COUNTIF($F$2:$F50,AA$1) -> 0 | AB50: =COUNTIF($F$2:$F50,AB$1) -> 6 | AC50: =COUNTIF($F$2:$F50,AC$1) -> 6 | ... AH50: =COUNTIF($F$2:$F50,AH$1) -> 0
A51: 50 | B51: 41361 | C51: 2012-2013 | D51: Yes | E51: AC Baby | F51: Moe | G51: =countif(H51:R51,"Yes") -> 6 | H51: No | I51: Yes | K51: Yes | L51: Yes | M51: No | N51: No | O51: Yes | P51: Yes | R51: Yes | V51: =COUNTIF($F$2:$F51,V$1) -> 0 | W51: =COUNTIF($F$2:$F51,W$1) -> 7 | X51: =COUNTIF($F$2:$F51,X$1) -> 0 | Y51: =COUNTIF($F$2:$F51,Y$1) -> 5 | Z51: =COUNTIF($F$2:$F51,Z$1) -> 8 | AA51: =COUNTIF($F$2:$F51,AA$1) -> 0 | AB51: =COUNTIF($F$2:$F51,AB$1) -> 6 | AC51: =COUNTIF($F$2:$F51,AC$1) -> 6 | ... AH51: =COUNTIF($F$2:$F51,AH$1) -> 0
A52: 51 | B52: 41403 | C52: 2012-2013 | D52: No | E52: Screech | F52: Coach | G52: =countif(H52:R52,"Yes") -> 7 | H52: No | I52: Yes | K52: No | L52: Yes | M52: No | N52: Yes | O52: Yes | P52: Yes | Q52: Yes | R52: Yes | V52: =COUNTIF($F$2:$F52,V$1) -> 0 | W52: =COUNTIF($F$2:$F52,W$1) -> 8 | X52: =COUNTIF($F$2:$F52,X$1) -> 0 | Y52: =COUNTIF($F$2:$F52,Y$1) -> 5 | Z52: =COUNTIF($F$2:$F52,Z$1) -> 8 | AA52: =COUNTIF($F$2:$F52,AA$1) -> 0 | AB52: =COUNTIF($F$2:$F52,AB$1) -> 6 | AC52: =COUNTIF($F$2:$F52,AC$1) -> 6 | ... AH52: =COUNTIF($F$2:$F52,AH$1) -> 0
A53: 52 | B53: 41451 | C53: 2012-2013 | D53: No | E53: Coach | F53: Siri | G53: =countif(H53:R53,"Yes") -> 4 | H53: Yes | I53: Yes | K53: No | L53: Yes | M53: No | N53: No | O53: No | P53: Yes | Q53: No | R53: No | V53: =COUNTIF($F$2:$F53,V$1) -> 0 | W53: =COUNTIF($F$2:$F53,W$1) -> 8 | X53: =COUNTIF($F$2:$F53,X$1) -> 0 | Y53: =COUNTIF($F$2:$F53,Y$1) -> 5 | Z53: =COUNTIF($F$2:$F53,Z$1) -> 8 | AA53: =COUNTIF($F$2:$F53,AA$1) -> 0 | AB53: =COUNTIF($F$2:$F53,AB$1) -> 6 | AC53: =COUNTIF($F$2:$F53,AC$1) -> 6 | ... AH53: =COUNTIF($F$2:$F53,AH$1) -> 0
A54: 53 | B54: 41526 | C54: 2013-2014 | D54: No | E54: Waxcuses | F54: Moe | G54: =countif(H54:R54,"Yes") -> 7 | H54: Yes | I54: Yes | K54: Yes | L54: Yes | M54: No | N54: No | O54: Yes | P54: Yes | Q54: No | R54: Yes | V54: =COUNTIF($F$2:$F54,V$1) -> 0 | W54: =COUNTIF($F$2:$F54,W$1) -> 8 | X54: =COUNTIF($F$2:$F54,X$1) -> 0 | Y54: =COUNTIF($F$2:$F54,Y$1) -> 5 | Z54: =COUNTIF($F$2:$F54,Z$1) -> 9 | AA54: =COUNTIF($F$2:$F54,AA$1) -> 0 | AB54: =COUNTIF($F$2:$F54,AB$1) -> 6 | AC54: =COUNTIF($F$2:$F54,AC$1) -> 6 | ... AH54: =COUNTIF($F$2:$F54,AH$1) -> 0
A55: 54 | B55: 41558 | C55: 2013-2014 | D55: No | E55: Princess Peach | F55: Siri | G55: =countif(H55:R55,"Yes") -> 6 | H55: No | I55: No | K55: Yes | L55: Yes | M55: No | N55: Yes | O55: Yes | P55: Yes | Q55: No | R55: Yes | V55: =COUNTIF($F$2:$F55,V$1) -> 0 | W55: =COUNTIF($F$2:$F55,W$1) -> 8 | X55: =COUNTIF($F$2:$F55,X$1) -> 0 | Y55: =COUNTIF($F$2:$F55,Y$1) -> 5 | Z55: =COUNTIF($F$2:$F55,Z$1) -> 9 | AA55: =COUNTIF($F$2:$F55,AA$1) -> 0 | AB55: =COUNTIF($F$2:$F55,AB$1) -> 6 | AC55: =COUNTIF($F$2:$F55,AC$1) -> 6 | ... AH55: =COUNTIF($F$2:$F55,AH$1) -> 0
A56: 55 | B56: 41599 | C56: 2013-2014 | D56: No | E56: Siri | F56: The Bieb | G56: =countif(H56:R56,"Yes") -> 9 | H56: Yes | I56: Yes | K56: Yes | L56: Yes | M56: Yes | N56: No | O56: Yes | P56: Yes | Q56: Yes | R56: Yes | V56: =COUNTIF($F$2:$F56,V$1) -> 0 | W56: =COUNTIF($F$2:$F56,W$1) -> 8 | X56: =COUNTIF($F$2:$F56,X$1) -> 0 | Y56: =COUNTIF($F$2:$F56,Y$1) -> 5 | Z56: =COUNTIF($F$2:$F56,Z$1) -> 9 | AA56: =COUNTIF($F$2:$F56,AA$1) -> 0 | AB56: =COUNTIF($F$2:$F56,AB$1) -> 6 | AC56: =COUNTIF($F$2:$F56,AC$1) -> 6 | ... AH56: =COUNTIF($F$2:$F56,AH$1) -> 0
A57: 56 | B57: 41635 | C57: 2013-2014 | D57: Yes | E57: DP Open | F57: Coach | G57: =countif(H57:R57,"Yes") -> 5 | H57: No | I57: Yes | K57: Yes | L57: Yes | M57: No | N57: No | O57: Yes | P57: Yes | Q57: No | R57: No | V57: =COUNTIF($F$2:$F57,V$1) -> 0 | W57: =COUNTIF($F$2:$F57,W$1) -> 9 | X57: =COUNTIF($F$2:$F57,X$1) -> 0 | Y57: =COUNTIF($F$2:$F57,Y$1) -> 5 | Z57: =COUNTIF($F$2:$F57,Z$1) -> 9 | AA57: =COUNTIF($F$2:$F57,AA$1) -> 0 | AB57: =COUNTIF($F$2:$F57,AB$1) -> 6 | AC57: =COUNTIF($F$2:$F57,AC$1) -> 6 | ... AH57: =COUNTIF($F$2:$F57,AH$1) -> 0
A58: 57 | B58: 41648 | C58: 2013-2014 | D58: No | E58: Andre | F58: Screech | G58: =countif(H58:R58,"Yes") -> 7 | H58: Yes | I58: Yes | K58: Yes | L58: Yes | M58: No | N58: No | O58: Yes | P58: Yes | Q58: No | R58: Yes | V58: =COUNTIF($F$2:$F58,V$1) -> 0 | W58: =COUNTIF($F$2:$F58,W$1) -> 9 | X58: =COUNTIF($F$2:$F58,X$1) -> 0 | Y58: =COUNTIF($F$2:$F58,Y$1) -> 5 | Z58: =COUNTIF($F$2:$F58,Z$1) -> 9 | AA58: =COUNTIF($F$2:$F58,AA$1) -> 0 | AB58: =COUNTIF($F$2:$F58,AB$1) -> 6 | AC58: =COUNTIF($F$2:$F58,AC$1) -> 7 | ... AH58: =COUNTIF($F$2:$F58,AH$1) -> 0
A59: 58 | B59: 41674 | C59: 2013-2014 | D59: No | E59: Moe | F59: Princess Peach | G59: =countif(H59:R59,"Yes") -> 7 | H59: Yes | I59: Yes | K59: Yes | L59: Yes | M59: No | N59: Yes | O59: Yes | P59: Yes | Q59: No | R59: No | V59: =COUNTIF($F$2:$F59,V$1) -> 0 | W59: =COUNTIF($F$2:$F59,W$1) -> 9 | X59: =COUNTIF($F$2:$F59,X$1) -> 0 | Y59: =COUNTIF($F$2:$F59,Y$1) -> 5 | Z59: =COUNTIF($F$2:$F59,Z$1) -> 9 | AA59: =COUNTIF($F$2:$F59,AA$1) -> 0 | AB59: =COUNTIF($F$2:$F59,AB$1) -> 7 | AC59: =COUNTIF($F$2:$F59,AC$1) -> 7 | ... AH59: =COUNTIF($F$2:$F59,AH$1) -> 0
A60: 59 | B60: 41697 | C60: 2013-2014 | D60: No | E60: Screech | F60: Coach | G60: =countif(H60:R60,"Yes") -> 7 | H60: Yes | I60: Yes | J60: Yes | K60: Yes | L60: Yes | M60: Yes | N60: No | O60: No | P60: Yes | Q60: No | R60: No | V60: =COUNTIF($F$2:$F60,V$1) -> 0 | W60: =COUNTIF($F$2:$F60,W$1) -> 10 | X60: =COUNTIF($F$2:$F60,X$1) -> 0 | Y60: =COUNTIF($F$2:$F60,Y$1) -> 5 | Z60: =COUNTIF($F$2:$F60,Z$1) -> 9 | AA60: =COUNTIF($F$2:$F60,AA$1) -> 0 | AB60: =COUNTIF($F$2:$F60,AB$1) -> 7 | AC60: =COUNTIF($F$2:$F60,AC$1) -> 7 | ... AH60: =COUNTIF($F$2:$F60,AH$1) -> 0
A61: 60 | B61: 41720 | C61: 2013-2014 | D61: Yes | E61: ESSOP | F61: Mrs. Clay Matthews | G61: =countif(H61:R61,"Yes") -> 8 | H61: Yes | I61: Yes | J61: No | K61: Yes | L61: Yes | M61: Yes | N61: No | O61: Yes | P61: Yes | Q61: Yes | R61: No | V61: =COUNTIF($F$2:$F61,V$1) -> 0 | W61: =COUNTIF($F$2:$F61,W$1) -> 10 | X61: =COUNTIF($F$2:$F61,X$1) -> 0 | Y61: =COUNTIF($F$2:$F61,Y$1) -> 5 | Z61: =COUNTIF($F$2:$F61,Z$1) -> 9 | AA61: =COUNTIF($F$2:$F61,AA$1) -> 1 | AB61: =COUNTIF($F$2:$F61,AB$1) -> 7 | AC61: =COUNTIF($F$2:$F61,AC$1) -> 7 | ... AH61: =COUNTIF($F$2:$F61,AH$1) -> 0
A62: 61 | B62: 41746 | C62: 2013-2014 | D62: Yes | E62: AC Baby | F62: Siri | G62: =countif(H62:R62,"Yes") -> 7 | H62: Yes | I62: Yes | J62: No | K62: Yes | L62: Yes | M62: No | N62: No | O62: Yes | P62: Yes | Q62: No | R62: Yes | V62: =COUNTIF($F$2:$F62,V$1) -> 0 | W62: =COUNTIF($F$2:$F62,W$1) -> 10 | X62: =COUNTIF($F$2:$F62,X$1) -> 0 | Y62: =COUNTIF($F$2:$F62,Y$1) -> 5 | Z62: =COUNTIF($F$2:$F62,Z$1) -> 9 | AA62: =COUNTIF($F$2:$F62,AA$1) -> 1 | AB62: =COUNTIF($F$2:$F62,AB$1) -> 7 | AC62: =COUNTIF($F$2:$F62,AC$1) -> 7 | ... AH62: =COUNTIF($F$2:$F62,AH$1) -> 0
A63: 62 | B63: 41780 | C63: 2013-2014 | D63: No | E63: Coach | F63: Junior | G63: =countif(H63:R63,"Yes") -> 9 | H63: Yes | I63: Yes | J63: Yes | K63: Yes | L63: Yes | M63: Yes | N63: No | O63: Yes | P63: Yes | Q63: Yes | R63: No | V63: =COUNTIF($F$2:$F63,V$1) -> 0 | W63: =COUNTIF($F$2:$F63,W$1) -> 10 | X63: =COUNTIF($F$2:$F63,X$1) -> 1 | Y63: =COUNTIF($F$2:$F63,Y$1) -> 5 | Z63: =COUNTIF($F$2:$F63,Z$1) -> 9 | AA63: =COUNTIF($F$2:$F63,AA$1) -> 1 | AB63: =COUNTIF($F$2:$F63,AB$1) -> 7 | AC63: =COUNTIF($F$2:$F63,AC$1) -> 7 | ... AH63: =COUNTIF($F$2:$F63,AH$1) -> 0
A64: 63 | B64: 41821 | C64: 2013-2014 | D64: No | E64: Siri | F64: Junior | G64: =countif(H64:R64,"Yes") -> 6 | H64: Yes | I64: Yes | J64: Yes | K64: Yes | L64: Yes | M64: Yes | N64: No | O64: No | P64: No | Q64: No | R64: No | V64: =COUNTIF($F$2:$F64,V$1) -> 0 | W64: =COUNTIF($F$2:$F64,W$1) -> 10 | X64: =COUNTIF($F$2:$F64,X$1) -> 2 | Y64: =COUNTIF($F$2:$F64,Y$1) -> 5 | Z64: =COUNTIF($F$2:$F64,Z$1) -> 9 | AA64: =COUNTIF($F$2:$F64,AA$1) -> 1 | AB64: =COUNTIF($F$2:$F64,AB$1) -> 7 | AC64: =COUNTIF($F$2:$F64,AC$1) -> 7 | ... AH64: =COUNTIF($F$2:$F64,AH$1) -> 0
A65: 64 | B65: 41877 | C65: 2013-2014 | D65: No | E65: Waxcuses | F65: Coach | G65: =countif(H65:R65,"Yes") -> 9 | H65: No | I65: Yes | J65: Yes | K65: Yes | L65: Yes | M65: Yes | N65: No | O65: Yes | P65: Yes | Q65: Yes | R65: Yes | V65: =COUNTIF($F$2:$F65,V$1) -> 0 | W65: =COUNTIF($F$2:$F65,W$1) -> 11 | X65: =COUNTIF($F$2:$F65,X$1) -> 2 | Y65: =COUNTIF($F$2:$F65,Y$1) -> 5 | Z65: =COUNTIF($F$2:$F65,Z$1) -> 9 | AA65: =COUNTIF($F$2:$F65,AA$1) -> 1 | AB65: =COUNTIF($F$2:$F65,AB$1) -> 7 | AC65: =COUNTIF($F$2:$F65,AC$1) -> 7 | ... AH65: =COUNTIF($F$2:$F65,AH$1) -> 0
A66: 65 | B66: 41900 | C66: 2014-2015 | D66: No | E66: Andre | F66: Mrs. Clay Matthews | G66: =countif(H66:R66,"Yes") -> 7 | H66: Yes | I66: Yes | J66: Yes | K66: Yes | L66: Yes | M66: Yes | N66: No | O66: No | P66: Yes | Q66: No | R66: No | V66: =COUNTIF($F$2:$F66,V$1) -> 0 | W66: =COUNTIF($F$2:$F66,W$1) -> 11 | X66: =COUNTIF($F$2:$F66,X$1) -> 2 | Y66: =COUNTIF($F$2:$F66,Y$1) -> 5 | Z66: =COUNTIF($F$2:$F66,Z$1) -> 9 | AA66: =COUNTIF($F$2:$F66,AA$1) -> 2 | AB66: =COUNTIF($F$2:$F66,AB$1) -> 7 | AC66: =COUNTIF($F$2:$F66,AC$1) -> 7 | ... AH66: =COUNTIF($F$2:$F66,AH$1) -> 0
A67: 66 | B67: 41940 | C67: 2014-2015 | D67: No | E67: Moe | F67: Siri | G67: =countif(H67:R67,"Yes") -> 7 | H67: Yes | I67: Yes | J67: Yes | K67: No | L67: Yes | M67: Yes | N67: No | O67: Yes | P67: Yes | Q67: No | R67: No | V67: =COUNTIF($F$2:$F67,V$1) -> 0 | W67: =COUNTIF($F$2:$F67,W$1) -> 11 | X67: =COUNTIF($F$2:$F67,X$1) -> 2 | Y67: =COUNTIF($F$2:$F67,Y$1) -> 5 | Z67: =COUNTIF($F$2:$F67,Z$1) -> 9 | AA67: =COUNTIF($F$2:$F67,AA$1) -> 2 | AB67: =COUNTIF($F$2:$F67,AB$1) -> 7 | AC67: =COUNTIF($F$2:$F67,AC$1) -> 7 | ... AH67: =COUNTIF($F$2:$F67,AH$1) -> 0
A68: 67 | B68: 41967 | C68: 2014-2015 | D68: No | E68: Screech | F68: Mrs. Clay Matthews | G68: =countif(H68:R68,"Yes") -> 10 | H68: Yes | I68: Yes | J68: Yes | K68: Yes | L68: Yes | M68: Yes | N68: No | O68: Yes | P68: Yes | Q68: Yes | R68: Yes | V68: =COUNTIF($F$2:$F68,V$1) -> 0 | W68: =COUNTIF($F$2:$F68,W$1) -> 11 | X68: =COUNTIF($F$2:$F68,X$1) -> 2 | Y68: =COUNTIF($F$2:$F68,Y$1) -> 5 | Z68: =COUNTIF($F$2:$F68,Z$1) -> 9 | AA68: =COUNTIF($F$2:$F68,AA$1) -> 3 | AB68: =COUNTIF($F$2:$F68,AB$1) -> 7 | AC68: =COUNTIF($F$2:$F68,AC$1) -> 7 | ... AH68: =COUNTIF($F$2:$F68,AH$1) -> 0
A69: 68 | B69: 41995 | C69: 2014-2015 | D69: No | E69: Coach | F69: Andre | G69: =countif(H69:R69,"Yes") -> 9 | H69: Yes | I69: Yes | J69: Yes | K69: Yes | L69: Yes | M69: Yes | N69: No | O69: No | P69: Yes | Q69: Yes | R69: Yes | V69: =COUNTIF($F$2:$F69,V$1) -> 1 | W69: =COUNTIF($F$2:$F69,W$1) -> 11 | X69: =COUNTIF($F$2:$F69,X$1) -> 2 | Y69: =COUNTIF($F$2:$F69,Y$1) -> 5 | Z69: =COUNTIF($F$2:$F69,Z$1) -> 9 | AA69: =COUNTIF($F$2:$F69,AA$1) -> 3 | AB69: =COUNTIF($F$2:$F69,AB$1) -> 7 | AC69: =COUNTIF($F$2:$F69,AC$1) -> 7 | ... AH69: =COUNTIF($F$2:$F69,AH$1) -> 0
A70: 69 | B70: 42006 | C70: 2014-2015 | D70: Yes | E70: DP Open | F70: Siri | G70: =countif(H70:R70,"Yes") -> 8 | H70: Yes | I70: Yes | J70: Yes | K70: Yes | L70: Yes | M70: Yes | N70: No | O70: Yes | P70: Yes | Q70: No | R70: No | V70: =COUNTIF($F$2:$F70,V$1) -> 1 | W70: =COUNTIF($F$2:$F70,W$1) -> 11 | X70: =COUNTIF($F$2:$F70,X$1) -> 2 | Y70: =COUNTIF($F$2:$F70,Y$1) -> 5 | Z70: =COUNTIF($F$2:$F70,Z$1) -> 9 | AA70: =COUNTIF($F$2:$F70,AA$1) -> 3 | AB70: =COUNTIF($F$2:$F70,AB$1) -> 7 | AC70: =COUNTIF($F$2:$F70,AC$1) -> 7 | ... AH70: =COUNTIF($F$2:$F70,AH$1) -> 0
A71: 70 | B71: 42024 | C71: 2014-2015 | D71: No | E71: Siri | F71: Screech | G71: =countif(H71:R71,"Yes") -> 7 | H71: Yes | I71: Yes | J71: Yes | K71: Yes | L71: No | M71: No | N71: No | O71: Yes | P71: Yes | Q71: Yes | R71: No | V71: =COUNTIF($F$2:$F71,V$1) -> 1 | W71: =COUNTIF($F$2:$F71,W$1) -> 11 | X71: =COUNTIF($F$2:$F71,X$1) -> 2 | Y71: =COUNTIF($F$2:$F71,Y$1) -> 5 | Z71: =COUNTIF($F$2:$F71,Z$1) -> 9 | AA71: =COUNTIF($F$2:$F71,AA$1) -> 3 | AB71: =COUNTIF($F$2:$F71,AB$1) -> 7 | AC71: =COUNTIF($F$2:$F71,AC$1) -> 8 | ... AH71: =COUNTIF($F$2:$F71,AH$1) -> 0
... A115: 114 | B115: 43376 | C115: 2018-2019 | D115: No | E115: The Bieb | F115: Moe | G115: =countif(H115:R115,"Yes") -> 7 | H115: Yes | I115: Yes | J115: Yes | K115: No | L115: Yes | M115: Yes | N115: No | O115: No | P115: Yes | Q115: Yes | R115: No | V115: =COUNTIF($F$2:$F115,V$1) -> 3 | W115: =COUNTIF($F$2:$F115,W$1) -> 16 | X115: =COUNTIF($F$2:$F115,X$1) -> 7 | Y115: =COUNTIF($F$2:$F115,Y$1) -> 10 | Z115: =COUNTIF($F$2:$F115,Z$1) -> 19 | AA115: =COUNTIF($F$2:$F115,AA$1) -> 5 | AB115: =COUNTIF($F$2:$F115,AB$1) -> 7 | AC115: =COUNTIF($F$2:$F115,AC$1) -> 11 | ... AH115: =COUNTIF($F$2:$F115,AH$1) -> 0
A116: 115 | B116: 10/24/1018 | C116: 2018-2019 | D116: No | E116: Moe | F116: Waxcuses | G116: =countif(H116:R116,"Yes") -> 7 | H116: Yes | I116: Yes | J116: Yes | K116: No | L116: Yes | M116: Yes | N116: No | O116: No | P116: Yes | Q116: No | R116: Yes | V116: =COUNTIF($F$2:$F116,V$1) -> 3 | W116: =COUNTIF($F$2:$F116,W$1) -> 16 | X116: =COUNTIF($F$2:$F116,X$1) -> 7 | Y116: =COUNTIF($F$2:$F116,Y$1) -> 10 | Z116: =COUNTIF($F$2:$F116,Z$1) -> 19 | AA116: =COUNTIF($F$2:$F116,AA$1) -> 5 | AB116: =COUNTIF($F$2:$F116,AB$1) -> 7 | AC116: =COUNTIF($F$2:$F116,AC$1) -> 11 | ... AH116: =COUNTIF($F$2:$F116,AH$1) -> 0
A117: 116 | B117: 43423 | C117: 2018-2019 | D117: No | E117: Waxcuses | F117: Siri | G117: =countif(H117:R117,"Yes") -> 7 | H117: Yes | I117: Yes | J117: Yes | K117: Yes | L117: Yes | M117: No | N117: No | O117: No | P117: Yes | Q117: No | R117: Yes | V117: =COUNTIF($F$2:$F117,V$1) -> 3 | W117: =COUNTIF($F$2:$F117,W$1) -> 16 | X117: =COUNTIF($F$2:$F117,X$1) -> 7 | Y117: =COUNTIF($F$2:$F117,Y$1) -> 10 | Z117: =COUNTIF($F$2:$F117,Z$1) -> 19 | AA117: =COUNTIF($F$2:$F117,AA$1) -> 5 | AB117: =COUNTIF($F$2:$F117,AB$1) -> 7 | AC117: =COUNTIF($F$2:$F117,AC$1) -> 11 | ... AH117: =COUNTIF($F$2:$F117,AH$1) -> 0
A118: 117 | B118: 43475 | C118: 2018-2019 | D118: No | E118: Andre | F118: Andre | G118: =countif(H118:R118,"Yes") -> 8 | H118: Yes | I118: Yes | J118: Yes | K118: Yes | L118: Yes | M118: Yes | N118: No | O118: No | P118: Yes | Q118: No | R118: Yes | V118: =COUNTIF($F$2:$F118,V$1) -> 4 | W118: =COUNTIF($F$2:$F118,W$1) -> 16 | X118: =COUNTIF($F$2:$F118,X$1) -> 7 | Y118: =COUNTIF($F$2:$F118,Y$1) -> 10 | Z118: =COUNTIF($F$2:$F118,Z$1) -> 19 | AA118: =COUNTIF($F$2:$F118,AA$1) -> 5 | AB118: =COUNTIF($F$2:$F118,AB$1) -> 7 | AC118: =COUNTIF($F$2:$F118,AC$1) -> 11 | ... AH118: =COUNTIF($F$2:$F118,AH$1) -> 0
A119: 118 | B119: 43486 | C119: 2018-2019 | D119: Yes | E119: Harrah's | F119: Siri | G119: =countif(H119:R119,"Yes") -> 5 | H119: No | I119: Yes | J119: Yes | K119: Yes | L119: No | M119: Yes | N119: No | O119: No | P119: Yes | Q119: No | R119: No | V119: =COUNTIF($F$2:$F119,V$1) -> 4 | W119: =COUNTIF($F$2:$F119,W$1) -> 16 | X119: =COUNTIF($F$2:$F119,X$1) -> 7 | Y119: =COUNTIF($F$2:$F119,Y$1) -> 10 | Z119: =COUNTIF($F$2:$F119,Z$1) -> 19 | AA119: =COUNTIF($F$2:$F119,AA$1) -> 5 | AB119: =COUNTIF($F$2:$F119,AB$1) -> 7 | AC119: =COUNTIF($F$2:$F119,AC$1) -> 11 | ... AH119: =COUNTIF($F$2:$F119,AH$1) -> 0
A120: 119 | B120: 43508 | C120: 2018-2019 | D120: No | E120: Mrs. Clay Matthews | F120: Siri | G120: =countif(H120:R120,"Yes") -> 7 | H120: Yes | I120: Yes | J120: No | K120: Yes | L120: Yes | M120: Yes | N120: No | O120: No | P120: Yes | Q120: Yes | R120: No | V120: =COUNTIF($F$2:$F120,V$1) -> 4 | W120: =COUNTIF($F$2:$F120,W$1) -> 16 | X120: =COUNTIF($F$2:$F120,X$1) -> 7 | Y120: =COUNTIF($F$2:$F120,Y$1) -> 10 | Z120: =COUNTIF($F$2:$F120,Z$1) -> 19 | AA120: =COUNTIF($F$2:$F120,AA$1) -> 5 | AB120: =COUNTIF($F$2:$F120,AB$1) -> 7 | AC120: =COUNTIF($F$2:$F120,AC$1) -> 11 | ... AH120: =COUNTIF($F$2:$F120,AH$1) -> 0
A121: 120 | B121: 43552 | C121: 2018-2019 | D121: No | E121: Coach | F121: Moe | G121: =countif(H121:R121,"Yes") -> 7 | H121: Yes | I121: Yes | J121: Yes | K121: No | L121: Yes | M121: Yes | N121: No | O121: No | P121: Yes | Q121: No | R121: Yes | V121: =COUNTIF($F$2:$F121,V$1) -> 4 | W121: =COUNTIF($F$2:$F121,W$1) -> 16 | X121: =COUNTIF($F$2:$F121,X$1) -> 7 | Y121: =COUNTIF($F$2:$F121,Y$1) -> 10 | Z121: =COUNTIF($F$2:$F121,Z$1) -> 20 | AA121: =COUNTIF($F$2:$F121,AA$1) -> 5 | AB121: =COUNTIF($F$2:$F121,AB$1) -> 7 | AC121: =COUNTIF($F$2:$F121,AC$1) -> 11 | ... AH121: =COUNTIF($F$2:$F121,AH$1) -> 0
A122: 121 | B122: 43573 | C122: 2018-2019 | D122: Yes | E122: AC Baby | F122: Moe | G122: =countif(H122:R122,"Yes") -> 5 | H122: No | I122: Yes | J122: Yes | K122: No | L122: Yes | M122: No | N122: No | O122: No | P122: Yes | Q122: No | R122: Yes | V122: =COUNTIF($F$2:$F122,V$1) -> 4 | W122: =COUNTIF($F$2:$F122,W$1) -> 16 | X122: =COUNTIF($F$2:$F122,X$1) -> 7 | Y122: =COUNTIF($F$2:$F122,Y$1) -> 10 | Z122: =COUNTIF($F$2:$F122,Z$1) -> 21 | AA122: =COUNTIF($F$2:$F122,AA$1) -> 5 | AB122: =COUNTIF($F$2:$F122,AB$1) -> 7 | AC122: =COUNTIF($F$2:$F122,AC$1) -> 11 | ... AH122: =COUNTIF($F$2:$F122,AH$1) -> 0
A123: 122 | B123: 43613 | C123: 2018-2019 | D123: No | E123: Siri | F123: Coach | G123: =countif(H123:R123,"Yes") -> 8 | H123: Yes | I123: Yes | J123: Yes | K123: Yes | L123: Yes | M123: No | N123: No | O123: No | P123: Yes | Q123: Yes | R123: Yes | V123: =COUNTIF($F$2:$F123,V$1) -> 4 | W123: =COUNTIF($F$2:$F123,W$1) -> 17 | X123: =COUNTIF($F$2:$F123,X$1) -> 7 | Y123: =COUNTIF($F$2:$F123,Y$1) -> 10 | Z123: =COUNTIF($F$2:$F123,Z$1) -> 21 | AA123: =COUNTIF($F$2:$F123,AA$1) -> 5 | AB123: =COUNTIF($F$2:$F123,AB$1) -> 7 | AC123: =COUNTIF($F$2:$F123,AC$1) -> 11 | ... AH123: =COUNTIF($F$2:$F123,AH$1) -> 0
A124: 123 | B124: 43630 | C124: 2018-2019 | D124: Yes | E124: DNO | F124: Moe | G124: =countif(H124:R124,"Yes") -> 5 | H124: Yes | I124: Yes | J124: No | K124: Yes | L124: Yes | M124: No | N124: No | O124: No | P124: Yes | Q124: No | R124: No | V124: =COUNTIF($F$2:$F124,V$1) -> 4 | W124: =COUNTIF($F$2:$F124,W$1) -> 17 | X124: =COUNTIF($F$2:$F124,X$1) -> 7 | Y124: =COUNTIF($F$2:$F124,Y$1) -> 10 | Z124: =COUNTIF($F$2:$F124,Z$1) -> 22 | AA124: =COUNTIF($F$2:$F124,AA$1) -> 5 | AB124: =COUNTIF($F$2:$F124,AB$1) -> 7 | AC124: =COUNTIF($F$2:$F124,AC$1) -> 11 | ... AH124: =COUNTIF($F$2:$F124,AH$1) -> 0
A125: 124 | B125: 43669 | C125: 2018-2019 | D125: No | E125: Junior | F125: Coach | G125: =countif(H125:R125,"Yes") -> 6 | H125: Yes | I125: Yes | J125: Yes | K125: No | L125: No | M125: Yes | N125: No | O125: No | P125: Yes | Q125: Yes | R125: No | V125: =COUNTIF($F$2:$F125,V$1) -> 4 | W125: =COUNTIF($F$2:$F125,W$1) -> 18 | X125: =COUNTIF($F$2:$F125,X$1) -> 7 | Y125: =COUNTIF($F$2:$F125,Y$1) -> 10 | Z125: =COUNTIF($F$2:$F125,Z$1) -> 22 | AA125: =COUNTIF($F$2:$F125,AA$1) -> 5 | AB125: =COUNTIF($F$2:$F125,AB$1) -> 7 | AC125: =COUNTIF($F$2:$F125,AC$1) -> 11 | ... AH125: =COUNTIF($F$2:$F125,AH$1) -> 0
A126: 125 | B126: 43704 | C126: 2018-2019 | D126: No | E126: The Bieb | F126: Moe | G126: =countif(H126:R126,"Yes") -> 6 | H126: Yes | I126: Yes | J126: Yes | K126: No | L126: Yes | M126: No | N126: No | O126: No | P126: Yes | Q126: Yes | R126: No | V126: =COUNTIF($F$2:$F126,V$1) -> 4 | W126: =COUNTIF($F$2:$F126,W$1) -> 18 | X126: =COUNTIF($F$2:$F126,X$1) -> 7 | Y126: =COUNTIF($F$2:$F126,Y$1) -> 10 | Z126: =COUNTIF($F$2:$F126,Z$1) -> 23 | AA126: =COUNTIF($F$2:$F126,AA$1) -> 5 | AB126: =COUNTIF($F$2:$F126,AB$1) -> 7 | AC126: =COUNTIF($F$2:$F126,AC$1) -> 11 | ... AH126: =COUNTIF($F$2:$F126,AH$1) -> 0
A127: 126 | B127: 43726 | C127: 2019-2020 | D127: No | E127: Moe | F127: Moe | G127: =countif(H127:R127,"Yes") -> 6 | H127: Yes | I127: Yes | J127: Yes | K127: No | L127: Yes | M127: Yes | N127: No | O127: No | P127: No | Q127: No | R127: Yes | V127: =COUNTIF($F$2:$F127,V$1) -> 4 | W127: =COUNTIF($F$2:$F127,W$1) -> 18 | X127: =COUNTIF($F$2:$F127,X$1) -> 7 | Y127: =COUNTIF($F$2:$F127,Y$1) -> 10 | Z127: =COUNTIF($F$2:$F127,Z$1) -> 24 | AA127: =COUNTIF($F$2:$F127,AA$1) -> 5 | AB127: =COUNTIF($F$2:$F127,AB$1) -> 7 | AC127: =COUNTIF($F$2:$F127,AC$1) -> 11 | ... AH127: =COUNTIF($F$2:$F127,AH$1) -> 0
A128: 127 | B128: 43768 | C128: 2019-2020 | D128: No | E128: Waxcuses | F128: Moe | G128: =countif(H128:R128,"Yes") -> 6 | H128: Yes | I128: Yes | J128: Yes | K128: No | L128: Yes | M128: No | N128: No | O128: No | P128: Yes | Q128: No | R128: Yes | V128: =COUNTIF($F$2:$F128,V$1) -> 4 | W128: =COUNTIF($F$2:$F128,W$1) -> 18 | X128: =COUNTIF($F$2:$F128,X$1) -> 7 | Y128: =COUNTIF($F$2:$F128,Y$1) -> 10 | Z128: =COUNTIF($F$2:$F128,Z$1) -> 25 | AA128: =COUNTIF($F$2:$F128,AA$1) -> 5 | AB128: =COUNTIF($F$2:$F128,AB$1) -> 7 | AC128: =COUNTIF($F$2:$F128,AC$1) -> 11 | ... AH128: =COUNTIF($F$2:$F128,AH$1) -> 0
... A148: 147 | B148: 44512 | C148: 2020-2021 | D148: No | E148: Mrs. Clay Matthews | F148: Screech | G148: =countif(H148:R148,"Yes") -> 7 | H148: Yes | I148: Yes | J148: Yes | K148: No | L148: Yes | M148: Yes | N148: No | O148: Yes | P148: No | Q148: No | R148: Yes | V148: =COUNTIF($F$2:$F148,V$1) -> 5 | W148: =COUNTIF($F$2:$F148,W$1) -> 21 | X148: =COUNTIF($F$2:$F148,X$1) -> 9 | Y148: =COUNTIF($F$2:$F148,Y$1) -> 13 | Z148: =COUNTIF($F$2:$F148,Z$1) -> 25 | AA148: =COUNTIF($F$2:$F148,AA$1) -> 5 | AB148: =COUNTIF($F$2:$F148,AB$1) -> 7 | AC148: =COUNTIF($F$2:$F148,AC$1) -> 17 | ... AH148: =COUNTIF($F$2:$F148,AH$1) -> 0
A149: 148 | B149: 44609 | C149: 2022 | D149: No | E149: Siri | F149: Screech | G149: =countif(H149:R149,"Yes") -> 8 | H149: Yes | I149: Yes | J149: No | K149: Yes | L149: Yes | M149: Yes | N149: No | O149: Yes | P149: Yes | Q149: Yes | R149: No | V149: =COUNTIF($F$2:$F149,V$1) -> 5 | W149: =COUNTIF($F$2:$F149,W$1) -> 21 | X149: =COUNTIF($F$2:$F149,X$1) -> 9 | Y149: =COUNTIF($F$2:$F149,Y$1) -> 13 | Z149: =COUNTIF($F$2:$F149,Z$1) -> 25 | AA149: =COUNTIF($F$2:$F149,AA$1) -> 5 | AB149: =COUNTIF($F$2:$F149,AB$1) -> 7 | AC149: =COUNTIF($F$2:$F149,AC$1) -> 18 | ... AH149: =COUNTIF($F$2:$F149,AH$1) -> 0
A150: 149 | B150: 44649 | C150: 2022 | D150: No | E150: Junior | F150: Moe | G150: =countif(H150:R150,"Yes") -> 9 | H150: Yes | I150: Yes | J150: Yes | K150: No | L150: Yes | M150: Yes | N150: No | O150: Yes | P150: Yes | Q150: Yes | R150: Yes | V150: =COUNTIF($F$2:$F150,V$1) -> 5 | W150: =COUNTIF($F$2:$F150,W$1) -> 21 | X150: =COUNTIF($F$2:$F150,X$1) -> 9 | Y150: =COUNTIF($F$2:$F150,Y$1) -> 13 | Z150: =COUNTIF($F$2:$F150,Z$1) -> 26 | AA150: =COUNTIF($F$2:$F150,AA$1) -> 5 | AB150: =COUNTIF($F$2:$F150,AB$1) -> 7 | AC150: =COUNTIF($F$2:$F150,AC$1) -> 18 | ... AH150: =COUNTIF($F$2:$F150,AH$1) -> 0
A151: 150 | B151: 44678 | C151: 2022 | D151: No | E151: Waxcuses | F151: Screech | G151: =countif(H151:R151,"Yes") -> 7 | H151: Yes | I151: No | J151: Yes | K151: No | L151: Yes | M151: Yes | N151: No | O151: Yes | P151: Yes | Q151: No | R151: Yes | V151: =COUNTIF($F$2:$F151,V$1) -> 5 | W151: =COUNTIF($F$2:$F151,W$1) -> 21 | X151: =COUNTIF($F$2:$F151,X$1) -> 9 | Y151: =COUNTIF($F$2:$F151,Y$1) -> 13 | Z151: =COUNTIF($F$2:$F151,Z$1) -> 26 | AA151: =COUNTIF($F$2:$F151,AA$1) -> 5 | AB151: =COUNTIF($F$2:$F151,AB$1) -> 7 | AC151: =COUNTIF($F$2:$F151,AC$1) -> 19 | ... AH151: =COUNTIF($F$2:$F151,AH$1) -> 0
A152: 151 | B152: 44715 | C152: 2022 | D152: No | E152: Coach | F152: Siri | G152: =countif(H152:R152,"Yes") -> 8 | H152: No | I152: Yes | J152: Yes | K152: No | L152: Yes | M152: Yes | N152: No | O152: Yes | P152: Yes | Q152: Yes | R152: Yes | V152: =COUNTIF($F$2:$F152,V$1) -> 5 | W152: =COUNTIF($F$2:$F152,W$1) -> 21 | X152: =COUNTIF($F$2:$F152,X$1) -> 9 | Y152: =COUNTIF($F$2:$F152,Y$1) -> 13 | Z152: =COUNTIF($F$2:$F152,Z$1) -> 26 | AA152: =COUNTIF($F$2:$F152,AA$1) -> 5 | AB152: =COUNTIF($F$2:$F152,AB$1) -> 7 | AC152: =COUNTIF($F$2:$F152,AC$1) -> 19 | ... AH152: =COUNTIF($F$2:$F152,AH$1) -> 0
A153: 152 | B153: 44741 | C153: 2022 | D153: No | E153: None (Virtual) | F153: Junior | G153: =countif(H153:R153,"Yes") -> 6 | H153: No | I153: No | J153: Yes | K153: Yes | L153: Yes | M153: No | N153: No | O153: Yes | P153: Yes | Q153: Yes | R153: No | V153: =COUNTIF($F$2:$F153,V$1) -> 5 | W153: =COUNTIF($F$2:$F153,W$1) -> 21 | X153: =COUNTIF($F$2:$F153,X$1) -> 10 | Y153: =COUNTIF($F$2:$F153,Y$1) -> 13 | Z153: =COUNTIF($F$2:$F153,Z$1) -> 26 | AA153: =COUNTIF($F$2:$F153,AA$1) -> 5 | AB153: =COUNTIF($F$2:$F153,AB$1) -> 7 | AC153: =COUNTIF($F$2:$F153,AC$1) -> 19 | ... AH153: =COUNTIF($F$2:$F153,AH$1) -> 0
A154: 153 | B154: 44762 | C154: 2022 | D154: No | E154: The Bieb | F154: Screech | G154: =countif(H154:R154,"Yes") -> 6 | H154: No | I154: Yes | J154: Yes | K154: No | L154: Yes | M154: No | N154: No | O154: Yes | P154: Yes | Q154: Yes | R154: No | V154: =COUNTIF($F$2:$F154,V$1) -> 5 | W154: =COUNTIF($F$2:$F154,W$1) -> 21 | X154: =COUNTIF($F$2:$F154,X$1) -> 10 | Y154: =COUNTIF($F$2:$F154,Y$1) -> 13 | Z154: =COUNTIF($F$2:$F154,Z$1) -> 26 | AA154: =COUNTIF($F$2:$F154,AA$1) -> 5 | AB154: =COUNTIF($F$2:$F154,AB$1) -> 7 | AC154: =COUNTIF($F$2:$F154,AC$1) -> 20 | ... AH154: =COUNTIF($F$2:$F154,AH$1) -> 0
A155: 154 | B155: 44803 | C155: 2022 | D155: No | E155: Screech | F155: Coach | G155: =countif(H155:R155,"Yes") -> 10 | H155: Yes | I155: Yes | J155: Yes | K155: Yes | L155: Yes | M155: Yes | N155: No | O155: Yes | P155: Yes | Q155: Yes | R155: Yes | V155: =COUNTIF($F$2:$F155,V$1) -> 5 | W155: =COUNTIF($F$2:$F155,W$1) -> 22 | X155: =COUNTIF($F$2:$F155,X$1) -> 10 | Y155: =COUNTIF($F$2:$F155,Y$1) -> 13 | Z155: =COUNTIF($F$2:$F155,Z$1) -> 26 | AA155: =COUNTIF($F$2:$F155,AA$1) -> 5 | AB155: =COUNTIF($F$2:$F155,AB$1) -> 7 | AC155: =COUNTIF($F$2:$F155,AC$1) -> 20 | ... AH155: =COUNTIF($F$2:$F155,AH$1) -> 0
A156: 155 | B156: 44826 | C156: 2022 | D156: No | E156: Andre | F156: Moe | G156: =countif(H156:R156,"Yes") -> 5 | H156: Yes | I156: Yes | J156: No | K156: No | L156: Yes | M156: Yes | N156: No | O156: Yes | P156: No | Q156: No | R156: No | V156: =COUNTIF($F$2:$F156,V$1) -> 5 | W156: =COUNTIF($F$2:$F156,W$1) -> 22 | X156: =COUNTIF($F$2:$F156,X$1) -> 10 | Y156: =COUNTIF($F$2:$F156,Y$1) -> 13 | Z156: =COUNTIF($F$2:$F156,Z$1) -> 27 | AA156: =COUNTIF($F$2:$F156,AA$1) -> 5 | AB156: =COUNTIF($F$2:$F156,AB$1) -> 7 | AC156: =COUNTIF($F$2:$F156,AC$1) -> 20 | ... AH156: =COUNTIF($F$2:$F156,AH$1) -> 0
A157: 156 | B157: 44845 | C157: 2022 | D157: No | E157: Masta Pu$$y | F157: Screech | G157: =countif(H157:R157,"Yes") -> 8 | H157: Yes | I157: Yes | J157: No | K157: Yes | L157: Yes | M157: Yes | N157: No | O157: Yes | P157: Yes | Q157: No | R157: Yes | V157: =COUNTIF($F$2:$F157,V$1) -> 5 | W157: =COUNTIF($F$2:$F157,W$1) -> 22 | X157: =COUNTIF($F$2:$F157,X$1) -> 10 | Y157: =COUNTIF($F$2:$F157,Y$1) -> 13 | Z157: =COUNTIF($F$2:$F157,Z$1) -> 27 | AA157: =COUNTIF($F$2:$F157,AA$1) -> 5 | AB157: =COUNTIF($F$2:$F157,AB$1) -> 7 | AC157: =COUNTIF($F$2:$F157,AC$1) -> 21 | ... AH157: =COUNTIF($F$2:$F157,AH$1) -> 0
A158: 157 | B158: 44875 | C158: 2022 | D158: No | E158: Moe | F158: Waxcuses | G158: =countif(H158:R158,"Yes") -> 6 | H158: No | I158: Yes | J158: No | K158: Yes | L158: Yes | M158: No | N158: No | O158: Yes | P158: Yes | Q158: No | R158: Yes | V158: =COUNTIF($F$2:$F158,V$1) -> 5 | W158: =COUNTIF($F$2:$F158,W$1) -> 22 | X158: =COUNTIF($F$2:$F158,X$1) -> 10 | Y158: =COUNTIF($F$2:$F158,Y$1) -> 13 | Z158: =COUNTIF($F$2:$F158,Z$1) -> 27 | AA158: =COUNTIF($F$2:$F158,AA$1) -> 5 | AB158: =COUNTIF($F$2:$F158,AB$1) -> 7 | AC158: =COUNTIF($F$2:$F158,AC$1) -> 21 | ... AH158: =COUNTIF($F$2:$F158,AH$1) -> 0
A159: 158 | B159: 44902 | C159: 2022 | D159: No | E159: Mrs. Clay Matthews | F159: Coach | G159: =countif(H159:R159,"Yes") -> 7 | H159: Yes | I159: Yes | J159: Yes | K159: No | L159: Yes | M159: Yes | N159: No | O159: Yes | P159: Yes | Q159: No | R159: No | V159: =COUNTIF($F$2:$F159,V$1) -> 5 | W159: =COUNTIF($F$2:$F159,W$1) -> 23 | X159: =COUNTIF($F$2:$F159,X$1) -> 10 | Y159: =COUNTIF($F$2:$F159,Y$1) -> 13 | Z159: =COUNTIF($F$2:$F159,Z$1) -> 27 | AA159: =COUNTIF($F$2:$F159,AA$1) -> 5 | AB159: =COUNTIF($F$2:$F159,AB$1) -> 7 | AC159: =COUNTIF($F$2:$F159,AC$1) -> 21 | ... AH159: =COUNTIF($F$2:$F159,AH$1) -> 0
A160: 159 | B160: 44955 | C160: 2023 | D160: No | E160: Siri | F160: Masta Pu$$y | G160: =countif(H160:R160,"Yes") -> 7 | H160: Yes | I160: Yes | J160: No | K160: Yes | L160: Yes | M160: Yes | N160: No | O160: Yes | P160: Yes | Q160: No | R160: No | V160: =COUNTIF($F$2:$F160,V$1) -> 5 | W160: =COUNTIF($F$2:$F160,W$1) -> 23 | X160: =COUNTIF($F$2:$F160,X$1) -> 10 | Y160: =COUNTIF($F$2:$F160,Y$1) -> 14 | Z160: =COUNTIF($F$2:$F160,Z$1) -> 27 | AA160: =COUNTIF($F$2:$F160,AA$1) -> 5 | AB160: =COUNTIF($F$2:$F160,AB$1) -> 7 | AC160: =COUNTIF($F$2:$F160,AC$1) -> 21 | ... AH160: =COUNTIF($F$2:$F160,AH$1) -> 0
... A172: 171 | B172: 45309 | C172: 2024 | D172: No | E172: Siri | F172: Moe | G172: =countif(H172:R172,"Yes") -> 8 | H172: Yes | I172: Yes | J172: Yes | K172: Yes | L172: Yes | M172: Yes | N172: No | O172: No | P172: Yes | Q172: No | R172: Yes | V172: =COUNTIF($F$2:$F172,V$1) -> 8 | W172: =COUNTIF($F$2:$F172,W$1) -> 24 | X172: =COUNTIF($F$2:$F172,X$1) -> 11 | Y172: =COUNTIF($F$2:$F172,Y$1) -> 14 | Z172: =COUNTIF($F$2:$F172,Z$1) -> 28 | AA172: =COUNTIF($F$2:$F172,AA$1) -> 6 | AB172: =COUNTIF($F$2:$F172,AB$1) -> 7 | AC172: =COUNTIF($F$2:$F172,AC$1) -> 24 | ... AH172: =COUNTIF($F$2:$F172,AH$1) -> 0
A173: 172 | B173: 45351 | C173: 2024 | D173: No | E173: Coach | F173: The Bieb | G173: =countif(H173:S173,"Yes") -> 10 | H173: Yes | I173: Yes | J173: Yes | K173: Yes | L173: Yes | M173: Yes | N173: No | O173: Yes | P173: Yes | Q173: Yes | R173: No | S173: Yes | V173: =COUNTIF($F$2:$F173,V$1) -> 8 | W173: =COUNTIF($F$2:$F173,W$1) -> 24 | X173: =COUNTIF($F$2:$F173,X$1) -> 11 | Y173: =COUNTIF($F$2:$F173,Y$1) -> 14 | Z173: =COUNTIF($F$2:$F173,Z$1) -> 28 | AA173: =COUNTIF($F$2:$F173,AA$1) -> 6 | AB173: =COUNTIF($F$2:$F173,AB$1) -> 7 | AC173: =COUNTIF($F$2:$F173,AC$1) -> 24 | ... AH173: =COUNTIF($F$2:$F173,AH$1) -> 0
A174: 173 | B174: 45379 | C174: 2024 | D174: Yes | E174: AC Baby | F174: Masta Pu$$y | G174: =countif(H174:S174,"Yes") -> 6 | H174: No | I174: Yes | J174: No | K174: Yes | L174: Yes | M174: No | N174: No | O174: Yes | P174: No | Q174: Yes | R174: No | S174: Yes | V174: =COUNTIF($F$2:$F174,V$1) -> 8 | W174: =COUNTIF($F$2:$F174,W$1) -> 24 | X174: =COUNTIF($F$2:$F174,X$1) -> 11 | Y174: =COUNTIF($F$2:$F174,Y$1) -> 15 | Z174: =COUNTIF($F$2:$F174,Z$1) -> 28 | AA174: =COUNTIF($F$2:$F174,AA$1) -> 6 | AB174: =COUNTIF($F$2:$F174,AB$1) -> 7 | AC174: =COUNTIF($F$2:$F174,AC$1) -> 24 | ... AH174: =COUNTIF($F$2:$F174,AH$1) -> 0
A175: 174 | B175: 45405 | C175: 2024 | D175: No | E175: Screech | F175: Siri | G175: =countif(H175:S175,"Yes") -> 9 | H175: Yes | I175: Yes | J175: Yes | K175: Yes | L175: Yes | M175: Yes | N175: No | O175: Yes | P175: Yes | Q175: No | R175: Yes | S175: No | V175: =COUNTIF($F$2:$F175,V$1) -> 8 | W175: =COUNTIF($F$2:$F175,W$1) -> 24 | X175: =COUNTIF($F$2:$F175,X$1) -> 11 | Y175: =COUNTIF($F$2:$F175,Y$1) -> 15 | Z175: =COUNTIF($F$2:$F175,Z$1) -> 28 | AA175: =COUNTIF($F$2:$F175,AA$1) -> 6 | AB175: =COUNTIF($F$2:$F175,AB$1) -> 7 | AC175: =COUNTIF($F$2:$F175,AC$1) -> 24 | ... AH175: =COUNTIF($F$2:$F175,AH$1) -> 0
A176: 175 | B176: 45433 | C176: 2024 | D176: No | E176: Andre | F176: Waxcuses | G176: =countif(H176:S176,"Yes") -> 9 | H176: Yes | I176: Yes | J176: No | K176: No | L176: Yes | M176: Yes | N176: No | O176: Yes | P176: Yes | Q176: Yes | R176: Yes | S176: Yes | V176: =COUNTIF($F$2:$F176,V$1) -> 8 | W176: =COUNTIF($F$2:$F176,W$1) -> 24 | X176: =COUNTIF($F$2:$F176,X$1) -> 11 | Y176: =COUNTIF($F$2:$F176,Y$1) -> 15 | Z176: =COUNTIF($F$2:$F176,Z$1) -> 28 | AA176: =COUNTIF($F$2:$F176,AA$1) -> 6 | AB176: =COUNTIF($F$2:$F176,AB$1) -> 7 | AC176: =COUNTIF($F$2:$F176,AC$1) -> 24 | ... AH176: =COUNTIF($F$2:$F176,AH$1) -> 0
A177: 176 | B177: 45454 | C177: 2024 | D177: No | E177: Waxcuses | F177: Screech | G177: =countif(H177:S177,"Yes") -> 5 | H177: Yes | I177: Yes | J177: No | K177: No | L177: Yes | M177: No | N177: No | O177: Yes | P177: No | Q177: No | R177: Yes | S177: No | V177: =COUNTIF($F$2:$F177,V$1) -> 8 | W177: =COUNTIF($F$2:$F177,W$1) -> 24 | X177: =COUNTIF($F$2:$F177,X$1) -> 11 | Y177: =COUNTIF($F$2:$F177,Y$1) -> 15 | Z177: =COUNTIF($F$2:$F177,Z$1) -> 28 | AA177: =COUNTIF($F$2:$F177,AA$1) -> 6 | AB177: =COUNTIF($F$2:$F177,AB$1) -> 7 | AC177: =COUNTIF($F$2:$F177,AC$1) -> 25 | ... AH177: =COUNTIF($F$2:$F177,AH$1) -> 0
A178: 177 | B178: 45502 | C178: 2024 | D178: No | E178: The Bieb | F178: Screech | G178: =countif(H178:S178,"Yes") -> 7 | H178: Yes | I178: Yes | J178: Yes | K178: No | L178: No | M178: Yes | N178: No | O178: Yes | P178: No | Q178: Yes | R178: No | S178: Yes | V178: =COUNTIF($F$2:$F178,V$1) -> 8 | W178: =COUNTIF($F$2:$F178,W$1) -> 24 | X178: =COUNTIF($F$2:$F178,X$1) -> 11 | Y178: =COUNTIF($F$2:$F178,Y$1) -> 15 | Z178: =COUNTIF($F$2:$F178,Z$1) -> 28 | AA178: =COUNTIF($F$2:$F178,AA$1) -> 6 | AB178: =COUNTIF($F$2:$F178,AB$1) -> 7 | AC178: =COUNTIF($F$2:$F178,AC$1) -> 26 | ... AH178: =COUNTIF($F$2:$F178,AH$1) -> 0
A179: 178 | B179: 45530 | C179: 2024 | D179: No | E179: Junior | F179: Screech | G179: =countif(H179:S179,"Yes") -> 10 | H179: Yes | I179: Yes | J179: Yes | K179: Yes | L179: Yes | M179: Yes | N179: No | O179: Yes | P179: Yes | Q179: Yes | R179: Yes | S179: No | V179: =COUNTIF($F$2:$F179,V$1) -> 8 | W179: =COUNTIF($F$2:$F179,W$1) -> 24 | X179: =COUNTIF($F$2:$F179,X$1) -> 11 | Y179: =COUNTIF($F$2:$F179,Y$1) -> 15 | Z179: =COUNTIF($F$2:$F179,Z$1) -> 28 | AA179: =COUNTIF($F$2:$F179,AA$1) -> 6 | AB179: =COUNTIF($F$2:$F179,AB$1) -> 7 | AC179: =COUNTIF($F$2:$F179,AC$1) -> 27 | ... AH179: =COUNTIF($F$2:$F179,AH$1) -> 0
A180: 179 | B180: 45561 | C180: 2024 | D180: No | E180: Moe | F180: Coach | G180: =countif(H180:S180,"Yes") -> 8 | H180: Yes | I180: Yes | J180: No | K180: Yes | L180: Yes | M180: Yes | N180: No | O180: Yes | P180: Yes | Q180: No | R180: Yes | S180: No | V180: =COUNTIF($F$2:$F180,V$1) -> 8 | W180: =COUNTIF($F$2:$F180,W$1) -> 25 | X180: =COUNTIF($F$2:$F180,X$1) -> 11 | Y180: =COUNTIF($F$2:$F180,Y$1) -> 15 | Z180: =COUNTIF($F$2:$F180,Z$1) -> 28 | AA180: =COUNTIF($F$2:$F180,AA$1) -> 6 | AB180: =COUNTIF($F$2:$F180,AB$1) -> 7 | AC180: =COUNTIF($F$2:$F180,AC$1) -> 27 | ... AH180: =COUNTIF($F$2:$F180,AH$1) -> 0
A181: 180 | B181: 45589 | C181: 2024 | D181: No | E181: Mrs. Clay Matthews | F181: Siri | G181: =countif(H181:S181,"Yes") -> 7 | H181: Yes | I181: No | J181: No | K181: Yes | L181: Yes | M181: Yes | N181: No | O181: Yes | P181: Yes | Q181: No | R181: Yes | S181: No | V181: =COUNTIF($F$2:$F181,V$1) -> 8 | W181: =COUNTIF($F$2:$F181,W$1) -> 25 | X181: =COUNTIF($F$2:$F181,X$1) -> 11 | Y181: =COUNTIF($F$2:$F181,Y$1) -> 15 | Z181: =COUNTIF($F$2:$F181,Z$1) -> 28 | AA181: =COUNTIF($F$2:$F181,AA$1) -> 6 | AB181: =COUNTIF($F$2:$F181,AB$1) -> 7 | AC181: =COUNTIF($F$2:$F181,AC$1) -> 27 | ... AH181: =COUNTIF($F$2:$F181,AH$1) -> 0
A182: 181 | B182: 45600 | C182: 2024 | D182: No | E182: Masta Pu$$y | F182: Waxcuses | G182: =countif(H182:S182,"Yes") -> 10 | H182: Yes | I182: Yes | J182: No | K182: Yes | L182: Yes | M182: Yes | N182: No | O182: Yes | P182: Yes | Q182: Yes | R182: Yes | S182: Yes | V182: =COUNTIF($F$2:$F182,V$1) -> 8 | W182: =COUNTIF($F$2:$F182,W$1) -> 25 | X182: =COUNTIF($F$2:$F182,X$1) -> 11 | Y182: =COUNTIF($F$2:$F182,Y$1) -> 15 | Z182: =COUNTIF($F$2:$F182,Z$1) -> 28 | AA182: =COUNTIF($F$2:$F182,AA$1) -> 6 | AB182: =COUNTIF($F$2:$F182,AB$1) -> 7 | AC182: =COUNTIF($F$2:$F182,AC$1) -> 27 | ... AH182: =COUNTIF($F$2:$F182,AH$1) -> 0
A183: 182 | B183: 45629 | C183: 2024 | D183: Yes | E183: Flo Rida | F183: Coach | G183: =countif(H183:S183,"Yes") -> 9 | H183: Yes | I183: Yes | J183: No | K183: Yes | L183: Yes | M183: Yes | N183: No | O183: Yes | P183: Yes | Q183: No | R183: Yes | S183: Yes | V183: =COUNTIF($F$2:$F183,V$1) -> 8 | W183: =COUNTIF($F$2:$F183,W$1) -> 26 | X183: =COUNTIF($F$2:$F183,X$1) -> 11 | Y183: =COUNTIF($F$2:$F183,Y$1) -> 15 | Z183: =COUNTIF($F$2:$F183,Z$1) -> 28 | AA183: =COUNTIF($F$2:$F183,AA$1) -> 6 | AB183: =COUNTIF($F$2:$F183,AB$1) -> 7 | AC183: =COUNTIF($F$2:$F183,AC$1) -> 27 | ... AH183: =COUNTIF($F$2:$F183,AH$1) -> 0
A184: 183 | B184: 45673 | C184: 2025 | D184: No | E184: Siri | F184: Mrs. Clay Matthews | G184: =countif(H184:S184,"Yes") -> 10 | H184: Yes | I184: Yes | J184: Yes | K184: Yes | L184: Yes | M184: Yes | N184: No | O184: Yes | P184: Yes | Q184: No | R184: Yes | S184: Yes | V184: =COUNTIF($F$2:$F184,V$1) -> 8 | W184: =COUNTIF($F$2:$F184,W$1) -> 26 | X184: =COUNTIF($F$2:$F184,X$1) -> 11 | Y184: =COUNTIF($F$2:$F184,Y$1) -> 15 | Z184: =COUNTIF($F$2:$F184,Z$1) -> 28 | AA184: =COUNTIF($F$2:$F184,AA$1) -> 7 | AB184: =COUNTIF($F$2:$F184,AB$1) -> 7 | AC184: =COUNTIF($F$2:$F184,AC$1) -> 27 | ... AH184: =COUNTIF($F$2:$F184,AH$1) -> 0
A185: 184 | B185: 45712 | C185: 2025 | D185: No | E185: Coach | F185: Masta Pu$$y | G185: =countif(H185:S185,"Yes") -> 6 | H185: Yes | I185: Yes | J185: No | K185: Yes | L185: Yes | M185: No | O185: Yes | P185: Yes | Q185: No | R185: No | S185: No | V185: =COUNTIF($F$2:$F185,V$1) -> 8 | W185: =COUNTIF($F$2:$F185,W$1) -> 26 | X185: =COUNTIF($F$2:$F185,X$1) -> 11 | Y185: =COUNTIF($F$2:$F185,Y$1) -> 16 | Z185: =COUNTIF($F$2:$F185,Z$1) -> 28 | AA185: =COUNTIF($F$2:$F185,AA$1) -> 7 | AB185: =COUNTIF($F$2:$F185,AB$1) -> 7 | AC185: =COUNTIF($F$2:$F185,AC$1) -> 27 | ... AH185: =COUNTIF($F$2:$F185,AH$1) -> 0
A186: 185 | B186: 45736 | C186: 2025 | D186: No | E186: Screech | F186: Coach | G186: =countif(H186:T186,"Yes") -> 7 | H186: Yes | I186: Yes | J186: No | K186: Yes | L186: Yes | M186: No | O186: Yes | P186: Yes | Q186: No | R186: Yes | S186: No | V186: =COUNTIF($F$2:$F186,V$1) -> 8 | W186: =COUNTIF($F$2:$F186,W$1) -> 27 | X186: =COUNTIF($F$2:$F186,X$1) -> 11 | Y186: =COUNTIF($F$2:$F186,Y$1) -> 16 | Z186: =COUNTIF($F$2:$F186,Z$1) -> 28 | AA186: =COUNTIF($F$2:$F186,AA$1) -> 7 | AB186: =COUNTIF($F$2:$F186,AB$1) -> 7 | AC186: =COUNTIF($F$2:$F186,AC$1) -> 27 | ... AH186: =COUNTIF($F$2:$F186,AH$1) -> 0
A187: 186 | B187: 45764 | C187: 2025 | D187: Yes | E187: AC Baby | F187: Moe | G187: =countif(H187:T187,"Yes") -> 5 | H187: No | I187: Yes | J187: No | K187: Yes | L187: Yes | M187: No | O187: Yes | P187: No | Q187: No | R187: No | S187: No | T187: Yes | V187: =COUNTIF($F$2:$F187,V$1) -> 8 | W187: =COUNTIF($F$2:$F187,W$1) -> 27 | X187: =COUNTIF($F$2:$F187,X$1) -> 11 | Y187: =COUNTIF($F$2:$F187,Y$1) -> 16 | Z187: =COUNTIF($F$2:$F187,Z$1) -> 29 | AA187: =COUNTIF($F$2:$F187,AA$1) -> 7 | AB187: =COUNTIF($F$2:$F187,AB$1) -> 7 | AC187: =COUNTIF($F$2:$F187,AC$1) -> 27 | ... AH187: =COUNTIF($F$2:$F187,AH$1) -> 0
A188: 187 | B188: 45797 | C188: 2025 | D188: No | E188: Andre | F188: Coach | G188: =countif(H188:T188,"Yes") -> 8 | H188: Yes | I188: Yes | J188: No | K188: No | L188: Yes | M188: Yes | O188: Yes | P188: Yes | Q188: No | R188: Yes | S188: No | T188: Yes | V188: =COUNTIF($F$2:$F188,V$1) -> 8 | W188: =COUNTIF($F$2:$F188,W$1) -> 28 | X188: =COUNTIF($F$2:$F188,X$1) -> 11 | Y188: =COUNTIF($F$2:$F188,Y$1) -> 16 | Z188: =COUNTIF($F$2:$F188,Z$1) -> 29 | AA188: =COUNTIF($F$2:$F188,AA$1) -> 7 | AB188: =COUNTIF($F$2:$F188,AB$1) -> 7 | AC188: =COUNTIF($F$2:$F188,AC$1) -> 27 | ... AH188: =COUNTIF($F$2:$F188,AH$1) -> 0
A189: 188 | B189: 45818 | C189: 2025 | D189: No | E189: Waxcuses | F189: Screech | G189: =countif(H189:T189,"Yes") -> 10 | H189: Yes | I189: Yes | J189: No | K189: Yes | L189: Yes | M189: Yes | O189: Yes | P189: Yes | Q189: No | R189: Yes | S189: Yes | T189: Yes | V189: =COUNTIF($F$2:$F189,V$1) -> 8 | W189: =COUNTIF($F$2:$F189,W$1) -> 28 | X189: =COUNTIF($F$2:$F189,X$1) -> 11 | Y189: =COUNTIF($F$2:$F189,Y$1) -> 16 | Z189: =COUNTIF($F$2:$F189,Z$1) -> 29 | AA189: =COUNTIF($F$2:$F189,AA$1) -> 7 | AB189: =COUNTIF($F$2:$F189,AB$1) -> 7 | AC189: =COUNTIF($F$2:$F189,AC$1) -> 28 | ... AH189: =COUNTIF($F$2:$F189,AH$1) -> 0
A190: 189 | B190: 45847 | C190: 2025 | D190: No | E190: The Bieb | F190: The Bieb | G190: =countif(H190:T190,"Yes") -> 8 | H190: Yes | I190: Yes | J190: No | K190: No | L190: Yes | M190: No | O190: Yes | P190: Yes | Q190: Yes | R190: No | S190: Yes | T190: Yes | V190: =COUNTIF($F$2:$F190,V$1) -> 8 | W190: =COUNTIF($F$2:$F190,W$1) -> 28 | X190: =COUNTIF($F$2:$F190,X$1) -> 11 | Y190: =COUNTIF($F$2:$F190,Y$1) -> 16 | Z190: =COUNTIF($F$2:$F190,Z$1) -> 29 | AA190: =COUNTIF($F$2:$F190,AA$1) -> 7 | AB190: =COUNTIF($F$2:$F190,AB$1) -> 7 | AC190: =COUNTIF($F$2:$F190,AC$1) -> 28 | ... AH190: =COUNTIF($F$2:$F190,AH$1) -> 0
A191: 190 | B191: 45895 | C191: 2025 | D191: No | E191: Moe | F191: Junior | G191: =countif(H191:T191,"Yes") -> 8 | H191: Yes | I191: Yes | J191: Yes | K191: No | L191: Yes | M191: No | O191: Yes | P191: Yes | Q191: No | R191: Yes | S191: No | T191: Yes | V191: =COUNTIF($F$2:$F191,V$1) -> 8 | W191: =COUNTIF($F$2:$F191,W$1) -> 28 | X191: =COUNTIF($F$2:$F191,X$1) -> 12 | Y191: =COUNTIF($F$2:$F191,Y$1) -> 16 | Z191: =COUNTIF($F$2:$F191,Z$1) -> 29 | AA191: =COUNTIF($F$2:$F191,AA$1) -> 7 | AB191: =COUNTIF($F$2:$F191,AB$1) -> 7 | AC191: =COUNTIF($F$2:$F191,AC$1) -> 28 | ... AH191: =COUNTIF($F$2:$F191,AH$1) -> 0
A192: 191 | B192: 45910 | C192: 2025 | D192: No | E192: Junior | F192: Mrs. Clay Matthews | G192: =countif(H192:T192,"Yes") -> 9 | H192: Yes | I192: Yes | J192: Yes | K192: No | L192: Yes | M192: Yes | O192: Yes | P192: Yes | Q192: No | R192: Yes | S192: No | T192: Yes | V192: =COUNTIF($F$2:$F192,V$1) -> 8 | W192: =COUNTIF($F$2:$F192,W$1) -> 28 | X192: =COUNTIF($F$2:$F192,X$1) -> 12 | Y192: =COUNTIF($F$2:$F192,Y$1) -> 16 | Z192: =COUNTIF($F$2:$F192,Z$1) -> 29 | AA192: =COUNTIF($F$2:$F192,AA$1) -> 8 | AB192: =COUNTIF($F$2:$F192,AB$1) -> 7 | AC192: =COUNTIF($F$2:$F192,AC$1) -> 28 | ... AH192: =COUNTIF($F$2:$F192,AH$1) -> 0
A193: 192 | B193: 45950 | C193: 2025 | D193: No | E193: Mrs. Clay Matthews | F193: Siri | G193: =countif(H193:T193,"Yes") -> 10 | H193: Yes | I193: Yes | J193: Yes | K193: No | L193: Yes | M193: Yes | O193: Yes | P193: Yes | Q193: No | R193: Yes | S193: Yes | T193: Yes | V193: =COUNTIF($F$2:$F193,V$1) -> 8 | W193: =COUNTIF($F$2:$F193,W$1) -> 28 | X193: =COUNTIF($F$2:$F193,X$1) -> 12 | Y193: =COUNTIF($F$2:$F193,Y$1) -> 16 | Z193: =COUNTIF($F$2:$F193,Z$1) -> 29 | AA193: =COUNTIF($F$2:$F193,AA$1) -> 8 | AB193: =COUNTIF($F$2:$F193,AB$1) -> 7 | AC193: =COUNTIF($F$2:$F193,AC$1) -> 28 | ... AH193: =COUNTIF($F$2:$F193,AH$1) -> 0
A194: 193 | B194: 45981 | C194: 2025 | D194: No | E194: No Limit | F194: Andre | G194: =countif(H194:T194,"Yes") -> 9 | H194: Yes | I194: Yes | J194: Yes | K194: No | L194: Yes | M194: Yes | O194: Yes | P194: Yes | Q194: No | R194: No | S194: Yes | T194: Yes | V194: =COUNTIF($F$2:$F194,V$1) -> 9 | W194: =COUNTIF($F$2:$F194,W$1) -> 28 | X194: =COUNTIF($F$2:$F194,X$1) -> 12 | Y194: =COUNTIF($F$2:$F194,Y$1) -> 16 | Z194: =COUNTIF($F$2:$F194,Z$1) -> 29 | AA194: =COUNTIF($F$2:$F194,AA$1) -> 8 | AB194: =COUNTIF($F$2:$F194,AB$1) -> 7 | AC194: =COUNTIF($F$2:$F194,AC$1) -> 28 | ... AH194: =COUNTIF($F$2:$F194,AH$1) -> 0
A195: 194 | B195: 45993 | C195: 2025 | D195: Yes | E195: Flo Rida | F195: Moe | G195: =countif(H195:T195,"Yes") -> 11 | H195: Yes | I195: Yes | J195: Yes | K195: Yes | L195: Yes | M195: Yes | O195: Yes | P195: Yes | Q195: No | R195: Yes | S195: Yes | T195: Yes | V195: =COUNTIF($F$2:$F195,V$1) -> 9 | W195: =COUNTIF($F$2:$F195,W$1) -> 28 | X195: =COUNTIF($F$2:$F195,X$1) -> 12 | Y195: =COUNTIF($F$2:$F195,Y$1) -> 16 | Z195: =COUNTIF($F$2:$F195,Z$1) -> 30 | AA195: =COUNTIF($F$2:$F195,AA$1) -> 8 | AB195: =COUNTIF($F$2:$F195,AB$1) -> 7 | AC195: =COUNTIF($F$2:$F195,AC$1) -> 28 | ... AH195: =COUNTIF($F$2:$F195,AH$1) -> 0
...

Sheet Bracelets v. Time

Sheet Bracelets Pivot

Sheet Majors Pivot

Sheet Win Rate
A1: Player | B1: Andre | C1: Coach | D1: Junior | E1: Masta Pu$$y | F1: Moe | G1: Mrs. Clay Matthews | H1: Princess Peach | I1: Screech | J1: Siri | K1: The Bieb | L1: Waxcuses
A2: Nights Attended | B2: =countif('Raw Data'!H:H,"YES") -> 162 | C2: =countif('Raw Data'!I:I,"YES") -> 178 | D2: =countif('Raw Data'!J:J,"YES") -> 106 | E2: =countif('Raw Data'!K:K,"YES") -> 134 | F2: =countif('Raw Data'!L:L,"YES") -> 189 | G2: =countif('Raw Data'!M:M,"YES") -> 108 | H2: =countif('Raw Data'!N:N,"YES") -> 36 | I2: =countif('Raw Data'!O:O,"YES") -> 119 | J2: =countif('Raw Data'!P:P,"YES") -> 178 | K2: =countif('Raw Data'!Q:Q,"YES") -> 63 | L2: =countif('Raw Data'!R:R,"YES") -> 120
A3: Bracelets Won | B3: =vlookup(B1,'Bracelets Pivot'!$A2:$B13,2,FALSE) -> 9 | C3: =vlookup(C1,'Bracelets Pivot'!$A2:$B13,2,FALSE) -> 30 | D3: =vlookup(D1,'Bracelets Pivot'!$A2:$B13,2,FALSE) -> 12 | E3: =vlookup(E1,'Bracelets Pivot'!$A2:$B13,2,FALSE) -> 17 | F3: =vlookup(F1,'Bracelets Pivot'!$A2:$B13,2,FALSE) -> 30 | G3: =vlookup(G1,'Bracelets Pivot'!$A2:$B13,2,FALSE) -> 8 | H3: =vlookup(H1,'Bracelets Pivot'!$A2:$B13,2,FALSE) -> 7 | I3: =vlookup(I1,'Bracelets Pivot'!$A2:$B13,2,FALSE) -> 28 | ... L3: =vlookup(L1,'Bracelets Pivot'!$A2:$B13,2,FALSE) -> 14
A4: Bracelet Win Rate | B4: =B3/B2 -> 0.055555556 | C4: =C3/C2 -> 0.16853933 | D4: =D3/D2 -> 0.11320755 | E4: =E3/E2 -> 0.12686567 | F4: =F3/F2 -> 0.15873016 | G4: =G3/G2 -> 0.074074074 | H4: =H3/H2 -> 0.19444444 | I4: =I3/I2 -> 0.23529412 | ... L4: =L3/L2 -> 0.11666667
A6: Screech | B6: =$I$4 -> 0.23529412
A7: Princess Peach | B7: =$H$4 -> 0.19444444
A8: Siri | B8: =$J$4 -> 0.19662921
A9: Moe | B9: =$F$4 -> 0.15873016
A10: Coach | B10: =$C$4 -> 0.16853933
A11: Masta Pu$$y | B11: =$E$4 -> 0.12686567
A12: Waxcuses | B12: =$L$4 -> 0.11666667
A13: Junior | B13: =$D$4 -> 0.11320755
A14: The Bieb | B14: =$K$4 -> 0.11111111
A15: Mrs. Clay Matthews | B15: =$G$4 -> 0.074074074
A16: Andre | B16: =$B$4 -> 0.055555556
A18: Coach | B18: =$C$4 -> 0.16853933

Sheet Host Order
A1: Names | C1: 2025 Host Order | D1: Last Hosted
A2: Andre | C2: Siri | D2: 45682
A3: Coach | C3: Coach | D3: 45713
A4: Flo Rida | C4: Screech | D4: 45741
A5: Junior | C5: AC BABY | D5: 45772
A6: Masta Pu$$y | C6: Andre | D6: 45802
A7: Moe | C7: Waxcuses | D7: 45833
A8: Mrs. Clay Matthews | C8: The Bieb | D8: 45863
A9: No Limit | C9: Moe | D9: 45894
A10: Princess Peach | C10: Junior | D10: 45925
A11: Screech | C11: Mrs. Clay Matthews | D11: 45955
A12: Siri | C12: No Limit | D12: 45986
A13: The Bieb | C13: Hold'em Holidays | D13: 46016 | E13: Flo Rida and Screech
A14: Waxcuses | C14: Siri | D14: 46047
A15: AC Baby | C15: Coach | D15: 46078 | E15: 15-25-55-200 celebration
A16: None (Virtual) | C16: Andre | D16: 46106
C17: AC BABY | D17: 46137
C18: Waxcuses | D18: 46167
C19: Moe | D19: 46198 | E19: Double Hundge
C20: The Bieb | D20: 46228 | E20: Battle of the Clams
C21: Junior | D21: 46259
C22: North Carolina??? | D22: 46290
C23: Mrs. Clay Matthews | D23: 46320
C24: No Limit | D24: 46351
C25: Hold'em Holidays | D25: 46381 | E25: Flo Rida and Screech

Sheet Matrix
C2: 46155 | D2: 46161 | E2: 46162 | G2: P | H2: 1
B3: Andre | C3: 1 | D3: 1 | E3: 1 | G3: Q | H3: 0.5
B4: Bieb | C4: 0.25 | D4: 0.25 | E4: 0.5 | G4: D | H4: 0.25
B5: Coach | C5: 1 | D5: 0.25 | E5: 0.5 | G5: O | H5: 0
B6: Flo Rida | C6: 1 | D6: 0 | E6: 0
B7: Junior | C7: 1 | D7: 1 | E7: 1
B8: Masta Pu$$y | C8: 0 | D8: 0.5 | E8: 0
B9: Moe | C9: 1 | D9: 1 | E9: 1
B10: Mrs. Clay | C10: 1 | D10: 1 | E10: 1
B11: No Limit | C11: 0.5 | D11: 0.5 | E11: 0.5
B12: Screech | C12: 1 | D12: 0 | E12: 1
B13: Siri | C13: 1 | D13: 0.5 | E13: 1
B14: Waxcuses | C14: 1 | D14: 1 | E14: 1
B16: Matrix Result | C16: =sum(C3:C14) -> 9.75 | D16: =sum(D3:D14) -> 7 | E16: =sum(E3:E14) -> 8.5
B18: # of Probables | C18: =countif(C3:C14,1) -> 9 | D18: =countif(D3:D14,1) -> 5 | E18: =countif(E3:E14,1) -> 7
C21: 46083 | E21: 46084
B22: Andre | C22: 1 | E22: 1
B23: Bieb | C23: 0 | E23: 0
B24: Coach | C24: 1 | E24: 1
B25: Flo Rida | C25: 0 | E25: 0
B26: Junior | C26: 0 | E26: 0
B27: Masta Pu$$y | C27: 0 | E27: 0.5
B28: Moe | C28: 1 | E28: 1
B29: Mrs. Clay | C29: 0.5 | E29: 0.5
B30: No Limit | C30: 0.5 | E30: 1
B31: Screech | C31: 1 | E31: 0.5
B32: Siri | C32: 0.5 | E32: 0.5
B33: Waxcuses | C33: 1 | E33: 0.5
B35: Matrix Result | C35: =sum(C22:C33) -> 6.5 | E35: =sum(E22:E33) -> 6.5
B37: # of Probables | C37: =countif(C22:C33,1) -> 5 | E37: =countif(E22:E33,1) -> 4

Sheet Notes from Jeff (for early even

Sheet GOPT MM Contest
B1: 2005 APS NCAA DRAFT POOL
B2: 2025 GOPT March Madness Contest - Picksheet
O3: 1 | P3: 2 | Q3: 3 | R3: 4 | S3: 5 | T3: 6 | U3: 7 | V3: 8 | W3: 9 | X3: 10 | Y3: 11 | Z3: 12
C4: SOUTH | E4: EAST | G4: MIDWEST | I4: WEST | O4: ↓↓ | P4: ↑↑ | Q4: ↓↓ | R4: ↑↑ | S4: ↓↓ | T4: ↑↑ | U4: ↓↓ | V4: ↑↑ | W4: ↓↓ | X4: ↑↑ | Y4: ↓↓ | Z4: ↑↑
B5: 1 | C5: Auburn | E5: Duke | G5: Houston | I5: Florida | M5: 1 | N5: Andre | O5: Duke | P5: St. John's | Q5: Maryland | R5: Michigan | S5: Arizona | T5: Marquette | U5: Kansas | V5: St. Marys | W5: UCLA | X5: Arkansas | Y5: Yale | Z5: St. Francis
B6: 1 | C6: Auburn | E6: Duke | G6: Houston | I6: Florida | M6: 2 | N6: Mrs. Clay | O6: Auburn | P6: Michigan St. | Q6: Wisconsin | R6: Arizona | S6: Purdue | T6: Marquette | U6: Kansas | V6: UCLA | W6: St. Marys | X6: Vanderbilt | Y6: Grand Canyon | Z6: SDSU
B7: 1 | C7: Auburn | E7: Duke | G7: Houston | I7: Florida | M7: 3 | N7: Bieb | O7: Duke | P7: St. John's | Q7: Alabama | R7: Kentucky | S7: Texas A&M | T7: Illinois | U7: Marquette | V7: Baylor | W7: Louisville | X7: Oklahoma | Y7: Xavier | Z7: American
B8: 2 | C8: Michigan St. | E8: Alabama | G8: Tennessee | I8: St. John's | M8: 4 | N8: Siri | O8: Duke | P8: Tennessee | Q8: Alabama | R8: Kentucky | S8: Texas A&M | T8: Missouri | U8: Clemson | V8: Illinois | W8: BYU | X8: UCSD | Y8: Liberty | Z8: SIUE
B9: 2 | C9: Michigan St. | E9: Alabama | G9: Tennessee | I9: St. John's | M9: 5 | N9: Moe | O9: Auburn | P9: Tennessee | Q9: Texas Tech | R9: Arizona | S9: Texas A&M | T9: Illinois | U9: Connecticut | V9: Gonzaga | W9: St. Marys | X9: Texas | Y9: Alabama St | Z9: Wofford
B10: 2 | C10: Michigan St. | E10: Alabama | G10: Tennessee | I10: St. John's | M10: 6 | N10: Flo Rida | O10: Florida | P10: Tennessee | Q10: Wisconsin | R10: Iowa St. | S10: Michigan | T10: Drake | U10: VCU | V10: Georgia | W10: McNeese | X10: Colorado St. | Y10: Mt. St Mary's | Z10: Omaha
B11: 3 | C11: Iowa St. | E11: Wisconsin | G11: Kentucky | I11: Texas Tech | M11: 7 | N11: Junior | O11: Florida | P11: Michigan St. | Q11: Maryland | R11: Wisconsin | S11: Purdue | T11: Missouri | U11: Connecticut | V11: Gonzaga | W11: Ole Miss | X11: New Mexico | Y11: Norfolk St | Z11: Bryant
B12: 3 | C12: Iowa St. | E12: Wisconsin | G12: Kentucky | I12: Texas Tech | M12: 8 | N12: Wax | O12: Florida | P12: St. John's | Q12: Texas Tech | R12: Maryland | S12: Memphis | T12: Oregon | U12: Gonzaga | V12: Creighton | W12: Louisville | X12: Ole Miss | Y12: High Point | Z12: Montana
B13: 3 | C13: Iowa St. | E13: Wisconsin | G13: Kentucky | I13: Texas Tech | M13: 9 | N13: Screech | O13: Auburn | P13: Houston | Q13: Texas Tech | R13: Iowa St. | S13: Purdue | T13: Oregon | U13: UNC | V13: BYU | W13: Ole Miss | X13: Mississippi St | Y13: Utah St | Z13: Troy
B14: 4 | C14: Texas A&M | E14: Arizona | G14: Purdue | I14: Maryland | M14: 10 | N14: Masta P. | O14: Houston | P14: Michigan St. | Q14: Michigan | R14: Memphis | S14: Clemson | T14: Oregon | U14: BYU | V14: Connecticut | W14: Louisville | X14: Mississippi St | Y14: UNCW | Z14: Robert Morris
B15: 4 | C15: Texas A&M | E15: Arizona | G15: Purdue | I15: Maryland | M15: 11 | N15: Coach | O15: Alabama | P15: Houston | Q15: Iowa St. | R15: Kentucky | S15: Missouri | T15: Memphis | U15: Kansas | V15: Clemson | W15: Mississippi St | X15: UCLA | Y15: Lipscomb | Z15: Akron
B16: 4 | C16: Texas A&M | E16: Arizona | G16: Purdue | I16: Maryland
B17: 5 | C17: Michigan | E17: Oregon | G17: Clemson | I17: Memphis
B18: 5 | C18: Michigan | E18: Oregon | G18: Clemson | I18: Memphis
B19: 5 | C19: Michigan | E19: Oregon | G19: Clemson | I19: Memphis
B20: 6 | C20: Ole Miss | E20: BYU | G20: Illinois | I20: Missouri
B21: 6 | C21: Ole Miss | E21: BYU | G21: Illinois | I21: Missouri
B22: 6 | C22: Ole Miss | E22: BYU | G22: Illinois | I22: Missouri
B23: 7 | C23: Marquette | E23: St. Mary's | G23: UCLA | I23: Kansas
B24: 7 | C24: Marquette | E24: St. Mary's | G24: UCLA | I24: Kansas
B25: 7 | C25: Marquette | E25: St. Mary's | G25: UCLA | I25: Kansas
B26: 8 | C26: Louisville | E26: Mississippi St. | G26: Gonzaga | I26: Connecticut
B27: 8 | C27: Louisville | E27: Mississippi St. | G27: Gonzaga | I27: Connecticut
... B30: 10 | C30: New Mexico | E30: Vanderbilt | G30: Utah State | I30: Arkansas
B31: 11 | C31: SDSU | D31: UNC | E31: VCU | G31: Xavier | H31: Texas | I31: Drake
B32: 12 | C32: UC San Diego | E32: Liberty | G32: McNeese | I32: Colorado St.
B33: 13 | C33: Yale | E33: Akron | G33: High Point | I33: Grand Canyon
B34: 14 | C34: Lipscomb | E34: Montana | G34: Troy | I34: UNC Wilmington
B35: 15 | C35: Bryant | E35: Robert Morris | G35: Wofford | I35: Omaha
B36: 16 | C36: St. Francis | D36: Alabama St. | E36: Mt. St. Mary's | F36: American | G36: SIU Edwardsville | I36: Norfolk St.
